-- DROP DATABASE xtdb;
-- CREATE DATABASE xtdb;
-- Create by xuanthulab.net
USE xtdb;

DROP TABLE IF EXISTS Donhang;
CREATE TABLE Donhang (
    DonhangID   INTEGER IDENTITY(1,1) NOT NULL PRIMARY KEY,
    KhachhangID INT,
    NhanvienID  INT,
    Ngaydathang DATE,
    ShipperID   INT
);

DROP TABLE IF EXISTS Danhmuc;
CREATE TABLE Danhmuc (
    DanhmucID  INTEGER  IDENTITY(1,1) NOT NULL PRIMARY KEY,
    TenDanhMuc nvarchar(255),
    MoTa       nvarchar(255) 
);


DROP TABLE IF EXISTS Cungcap;
CREATE TABLE Cungcap (
    CungcapID INTEGER  IDENTITY(1,1) NOT NULL PRIMARY KEY,
    Tendaydu  nvarchar (255),
    TenLienhe nvarchar (255),
    Diachi    nvarchar (255),
    Thanhpho  nvarchar (255),
    MaBuudien nvarchar (255),
    Quocgia   nvarchar (255),
    Dienthoai nvarchar (255) 
);

-- Sanpham
DROP TABLE IF EXISTS Sanpham;
CREATE TABLE Sanpham (
    SanphamID  INTEGER IDENTITY(1,1) NOT NULL PRIMARY KEY,
    TenSanpham nvarchar (255),
    CungcapID  INT,
    DanhmucID  INT,
    Donvi      nvarchar (255),
    Gia        DECIMAL(13, 2)
);

DROP TABLE IF EXISTS DonhangChitiet;
CREATE TABLE DonhangChitiet (
    DonhangChitietID INTEGER IDENTITY(1,1) NOT NULL PRIMARY KEY,
    DonhangID        INT,
    SanphamID        INT,
    Soluong          INT
);


DROP TABLE IF EXISTS Khachhang;
CREATE TABLE Khachhang (
    KhachhangID INTEGER  IDENTITY(1,1) NOT NULL PRIMARY KEY,
    HoTen       nvarchar (255),
    TenLienLac  nvarchar (255),
    Diachi      nvarchar (255),
    Thanhpho    nvarchar (255),
    MaBuudien   nvarchar (255),
    QuocGia     nvarchar (255) 
);
DROP TABLE IF EXISTS Nhanvien;
CREATE TABLE Nhanvien (
    NhanviennID INTEGER IDENTITY(1,1) NOT NULL PRIMARY KEY,
    Ten         nvarchar (255),
    Ho          nvarchar (255),
    NgaySinh    DATE,
    Anh         nvarchar (255),
    Ghichu      Text
);
DROP TABLE IF EXISTS Shippers;
CREATE TABLE Shippers (
    ShipperID   INTEGER  IDENTITY(1,1) NOT NULL PRIMARY KEY,
    Hoten       nvarchar (255),
    Sodienthoai nvarchar (255) 
);

-- AUTO_INCREMENT

-- Table: Cungcap
SET IDENTITY_INSERT Cungcap ON
INSERT INTO Cungcap (CungcapID, Tendaydu, TenLienhe, Diachi, Thanhpho, MaBuudien, Quocgia, Dienthoai) VALUES (1, N'Công ty TNHH ABC', N'ABC', N'Địa chỉ dwj p', N'Hà Nội', N'1222', N'Việt Nam', N'(171) 555-2222');
INSERT INTO Cungcap (CungcapID, Tendaydu, TenLienhe, Diachi, Thanhpho, MaBuudien, Quocgia, Dienthoai) VALUES (2, N'Công ty CP TMDV XYZ', N'ZYZ', N'Địa chỉ anwme crckov', N'Hải Phòng', N'2222', N'Việt Nam', N'(100) 555-4822');
INSERT INTO Cungcap (CungcapID, Tendaydu, TenLienhe, Diachi, Thanhpho, MaBuudien, Quocgia, Dienthoai) VALUES (3, N'Trần Quỳnh Châu', N'Châu', N'Địa chỉ ujycp h', N'Vĩnh Phúc', N'4555', N'Việt Nam', N'(313) 555-5735');
INSERT INTO Cungcap (CungcapID, Tendaydu, TenLienhe, Diachi, Thanhpho, MaBuudien, Quocgia, Dienthoai) VALUES (4, N'Trần Khánh Duy', N'Duy', N'Địa chỉ yxeyhn p', N'Đồng Nai', N'100', N'Việt Nam', N'(03) 3555-5011');
INSERT INTO Cungcap (CungcapID, Tendaydu, TenLienhe, Diachi, Thanhpho, MaBuudien, Quocgia, Dienthoai) VALUES (5, N'Nguyễn Thị Trúc Đào', N'Đào', N'Địa chỉ vdxwt jbl', N'Quy Nhơn', N'33007', N'Việt Nam', N'(98) 598 76 54');
INSERT INTO Cungcap (CungcapID, Tendaydu, TenLienhe, Diachi, Thanhpho, MaBuudien, Quocgia, Dienthoai) VALUES (6, N'Nguyễn Nhật Hải', N'Hải', N'Địa chỉ i zidsusij', N'Huế', N'545', N'Việt Nam', N'(06) 431-7877');
INSERT INTO Cungcap (CungcapID, Tendaydu, TenLienhe, Diachi, Thanhpho, MaBuudien, Quocgia, Dienthoai) VALUES (7, N'Lâm Nhật Hào', N'Hào', N'Địa chỉ zu srdoxgcw', N'Hà Nội', N'3058', N'Việt Nam', N'(03) 444-2343');
INSERT INTO Cungcap (CungcapID, Tendaydu, TenLienhe, Diachi, Thanhpho, MaBuudien, Quocgia, Dienthoai) VALUES (8, N'Nguyễn Thị Hân', N'Hân', N'Địa chỉ ofygwp ryyc', N'Hải Phòng', N'M14 GSD', N'Việt Nam', N'(161) 555-4448');
INSERT INTO Cungcap (CungcapID, Tendaydu, TenLienhe, Diachi, Thanhpho, MaBuudien, Quocgia, Dienthoai) VALUES (9, N'Nguyễn Trần Thế Hiển', N'Hiển', N'Địa chỉ e do', N'Vĩnh Phúc', N'S-345 67', N'Việt Nam', N'031-987 65 43');
INSERT INTO Cungcap (CungcapID, Tendaydu, TenLienhe, Diachi, Thanhpho, MaBuudien, Quocgia, Dienthoai) VALUES (10, N'Nguyễn Nhật Hoa', N'Hoa', N'Địa chỉ kicr nqvvm', N'Đồng Nai', N'5442', N'Việt Nam', N'(11) 555 4640');
INSERT INTO Cungcap (CungcapID, Tendaydu, TenLienhe, Diachi, Thanhpho, MaBuudien, Quocgia, Dienthoai) VALUES (11, N'Trần Trọng Huân', N'Huân', N'Địa chỉ rcnuqhwo avcgbzay', N'Quy Nhơn', N'10785', N'Việt Nam', N'(010) 9984510');
INSERT INTO Cungcap (CungcapID, Tendaydu, TenLienhe, Diachi, Thanhpho, MaBuudien, Quocgia, Dienthoai) VALUES (12, N'Quách Tuấn Huy', N'Huy', N'Địa chỉ ewitg g', N'Huế', N'60439', N'Việt Nam', N'(069) 992755');
INSERT INTO Cungcap (CungcapID, Tendaydu, TenLienhe, Diachi, Thanhpho, MaBuudien, Quocgia, Dienthoai) VALUES (13, N'Trần Chí Kha', N'Kha', N'Địa chỉ wjmuty pagvqqxx', N'Hà Nội', N'27478', N'Việt Nam', N'(04721) 8713');
INSERT INTO Cungcap (CungcapID, Tendaydu, TenLienhe, Diachi, Thanhpho, MaBuudien, Quocgia, Dienthoai) VALUES (14, N'Trần Ngọc Đăng Khoa', N'Khoa', N'Địa chỉ chpz zhet', N'Hải Phòng', N'48100', N'Việt Nam', N'(0544) 60323');
INSERT INTO Cungcap (CungcapID, Tendaydu, TenLienhe, Diachi, Thanhpho, MaBuudien, Quocgia, Dienthoai) VALUES (15, N'Ngô Thảo Linh', N'Linh', N'Địa chỉ yxcl p', N'Vĩnh Phúc', N'1320', N'Việt Nam', N'(0)2-953010');
INSERT INTO Cungcap (CungcapID, Tendaydu, TenLienhe, Diachi, Thanhpho, MaBuudien, Quocgia, Dienthoai) VALUES (16, N'Võ Phi Long', N'Long', N'Địa chỉ ckjj felwbp', N'Đồng Nai', N'97101', N'Việt Nam', N'(503) 555-9931');
INSERT INTO Cungcap (CungcapID, Tendaydu, TenLienhe, Diachi, Thanhpho, MaBuudien, Quocgia, Dienthoai) VALUES (17, N'Nguyễn Hữu Luân', N'Luân', N'Địa chỉ zlyr e', N'Quy Nhơn', N'S-123 45', N'Việt Nam', N'08-123 45 67');
INSERT INTO Cungcap (CungcapID, Tendaydu, TenLienhe, Diachi, Thanhpho, MaBuudien, Quocgia, Dienthoai) VALUES (18, N'Lê Nhật Minh', N'Minh', N'Địa chỉ umd fqzcur', N'Huế', N'75004', N'Việt Nam', N'(1) 03.83.00.68');
INSERT INTO Cungcap (CungcapID, Tendaydu, TenLienhe, Diachi, Thanhpho, MaBuudien, Quocgia, Dienthoai) VALUES (19, N'Lê Thúy Ngọc', N'Ngọc', N'Địa chỉ gqg yejolpub', N'Hà Nội', N'02134', N'Việt Nam', N'(617) 555-3267');
INSERT INTO Cungcap (CungcapID, Tendaydu, TenLienhe, Diachi, Thanhpho, MaBuudien, Quocgia, Dienthoai) VALUES (20, N'Võ Thanh Nhã', N'Nhã', N'Địa chỉ cozl ysiqrlas', N'Hải Phòng', N'0512', N'Việt Nam', N'555-8787');
INSERT INTO Cungcap (CungcapID, Tendaydu, TenLienhe, Diachi, Thanhpho, MaBuudien, Quocgia, Dienthoai) VALUES (21, N'Phạm Hữu Nhân', N'Nhân', N'Địa chỉ aecdqp ukqsazml', N'Vĩnh Phúc', N'2800', N'Việt Nam', N'43844108');
INSERT INTO Cungcap (CungcapID, Tendaydu, TenLienhe, Diachi, Thanhpho, MaBuudien, Quocgia, Dienthoai) VALUES (22, N'Trần Mỹ Nhàn', N'Nhàn', N'Địa chỉ kbmslyhf ltvoher', N'Đồng Nai', N'9999 ZZ', N'Việt Nam', N'(12345) 1212');
INSERT INTO Cungcap (CungcapID, Tendaydu, TenLienhe, Diachi, Thanhpho, MaBuudien, Quocgia, Dienthoai) VALUES (23, N'Hồng Thành Như', N'Như', N'Địa chỉ f dbt', N'Quy Nhơn', N'53120', N'Việt Nam', N'(953) 10956');
INSERT INTO Cungcap (CungcapID, Tendaydu, TenLienhe, Diachi, Thanhpho, MaBuudien, Quocgia, Dienthoai) VALUES (24, N'Bùi Văn Nhí', N'Nhí', N'Địa chỉ qp mm', N'Huế', N'2042', N'Việt Nam', N'(02) 555-5914');
INSERT INTO Cungcap (CungcapID, Tendaydu, TenLienhe, Diachi, Thanhpho, MaBuudien, Quocgia, Dienthoai) VALUES (25, N'Thái Thị Khã Nhưng', N'Nhưng', N'Địa chỉ mop yvyckieb', N'Hà Nội', N'H1J 1C3', N'Việt Nam', N'(514) 555-9022');
INSERT INTO Cungcap (CungcapID, Tendaydu, TenLienhe, Diachi, Thanhpho, MaBuudien, Quocgia, Dienthoai) VALUES (26, N'Phan Long Phi', N'Phi', N'Địa chỉ pmpkz ftri', N'Hải Phòng', N'84100', N'Việt Nam', N'(089) 6547665');
INSERT INTO Cungcap (CungcapID, Tendaydu, TenLienhe, Diachi, Thanhpho, MaBuudien, Quocgia, Dienthoai) VALUES (27, N'Nguyễn Quốc Phong', N'Phong', N'Địa chỉ gkzfa jm', N'Vĩnh Phúc', N'71300', N'Việt Nam', N'85.57.00.07');
INSERT INTO Cungcap (CungcapID, Tendaydu, TenLienhe, Diachi, Thanhpho, MaBuudien, Quocgia, Dienthoai) VALUES (28, N'Lý Mỹ Phụng', N'Phụng', N'Địa chỉ zvpus st', N'Đồng Nai', N'74000', N'Việt Nam', N'38.76.98.06');
INSERT INTO Cungcap (CungcapID, Tendaydu, TenLienhe, Diachi, Thanhpho, MaBuudien, Quocgia, Dienthoai) VALUES (29, N'Ngô Gia Quy', N'Quy', N'Địa chỉ i uef', N'Quy Nhơn', N'J2S 7S8', N'Việt Nam', N'(514) 555-2955');
SET IDENTITY_INSERT Cungcap OFF



-- Table: Danhmuc
SET IDENTITY_INSERT Danhmuc ON
INSERT INTO Danhmuc (DanhmucID, TenDanhMuc, MoTa) VALUES (1, N'Đồ uống', N'cafe, rượu, bia');
INSERT INTO Danhmuc (DanhmucID, TenDanhMuc, MoTa) VALUES (2, N'Gia vị', N'Nước sốt,  bơ, mứt , gia vị');
INSERT INTO Danhmuc (DanhmucID, TenDanhMuc, MoTa) VALUES (3, N'Bánh kẹo', N'kẹo, bánh kem ...');
INSERT INTO Danhmuc (DanhmucID, TenDanhMuc, MoTa) VALUES (4, N'Sản phẩm từ sữa', N'Phó mát');
INSERT INTO Danhmuc (DanhmucID, TenDanhMuc, MoTa) VALUES (5, N'Ngũ cốc', N'Bánh mì, gạo, ...');
INSERT INTO Danhmuc (DanhmucID, TenDanhMuc, MoTa) VALUES (6, N'Thịt', N'Các loại thịt');
INSERT INTO Danhmuc (DanhmucID, TenDanhMuc, MoTa) VALUES (7, N'Đồ khô', N'Thực phẩm sấy khô');
INSERT INTO Danhmuc (DanhmucID, TenDanhMuc, MoTa) VALUES (8, N'Đồ biển', N'Cá, cua biển');
SET IDENTITY_INSERT Danhmuc OFF



-- Table: Donhang
SET IDENTITY_INSERT Donhang On
INSERT INTO Donhang (DonhangID, KhachhangID, NhanvienID, Ngaydathang, ShipperID) VALUES (10248, 90, 5, N'2019-07-04', 3);
INSERT INTO Donhang (DonhangID, KhachhangID, NhanvienID, Ngaydathang, ShipperID) VALUES (10249, 81, 6, N'2019-07-05', 1);
INSERT INTO Donhang (DonhangID, KhachhangID, NhanvienID, Ngaydathang, ShipperID) VALUES (10250, 34, 4, N'2019-07-08', 2);
INSERT INTO Donhang (DonhangID, KhachhangID, NhanvienID, Ngaydathang, ShipperID) VALUES (10251, 84, 3, N'2019-07-08', 1);
INSERT INTO Donhang (DonhangID, KhachhangID, NhanvienID, Ngaydathang, ShipperID) VALUES (10252, 76, 4, N'2019-07-09', 2);
INSERT INTO Donhang (DonhangID, KhachhangID, NhanvienID, Ngaydathang, ShipperID) VALUES (10253, 34, 3, N'2019-07-10', 2);
INSERT INTO Donhang (DonhangID, KhachhangID, NhanvienID, Ngaydathang, ShipperID) VALUES (10254, 14, 5, N'2019-07-11', 2);
INSERT INTO Donhang (DonhangID, KhachhangID, NhanvienID, Ngaydathang, ShipperID) VALUES (10255, 68, 9, N'2019-07-12', 3);
INSERT INTO Donhang (DonhangID, KhachhangID, NhanvienID, Ngaydathang, ShipperID) VALUES (10256, 88, 3, N'2019-07-15', 2);
INSERT INTO Donhang (DonhangID, KhachhangID, NhanvienID, Ngaydathang, ShipperID) VALUES (10257, 35, 4, N'2019-07-16', 3);
INSERT INTO Donhang (DonhangID, KhachhangID, NhanvienID, Ngaydathang, ShipperID) VALUES (10258, 20, 1, N'2019-07-17', 1);
INSERT INTO Donhang (DonhangID, KhachhangID, NhanvienID, Ngaydathang, ShipperID) VALUES (10259, 13, 4, N'2019-07-18', 3);
INSERT INTO Donhang (DonhangID, KhachhangID, NhanvienID, Ngaydathang, ShipperID) VALUES (10260, 55, 4, N'2019-07-19', 1);
INSERT INTO Donhang (DonhangID, KhachhangID, NhanvienID, Ngaydathang, ShipperID) VALUES (10261, 61, 4, N'2019-07-19', 2);
INSERT INTO Donhang (DonhangID, KhachhangID, NhanvienID, Ngaydathang, ShipperID) VALUES (10262, 65, 8, N'2019-07-22', 3);
INSERT INTO Donhang (DonhangID, KhachhangID, NhanvienID, Ngaydathang, ShipperID) VALUES (10263, 20, 9, N'2019-07-23', 3);
INSERT INTO Donhang (DonhangID, KhachhangID, NhanvienID, Ngaydathang, ShipperID) VALUES (10264, 24, 6, N'2019-07-24', 3);
INSERT INTO Donhang (DonhangID, KhachhangID, NhanvienID, Ngaydathang, ShipperID) VALUES (10265, 7, 2, N'2019-07-25', 1);
INSERT INTO Donhang (DonhangID, KhachhangID, NhanvienID, Ngaydathang, ShipperID) VALUES (10266, 87, 3, N'2019-07-26', 3);
INSERT INTO Donhang (DonhangID, KhachhangID, NhanvienID, Ngaydathang, ShipperID) VALUES (10267, 25, 4, N'2019-07-29', 1);
INSERT INTO Donhang (DonhangID, KhachhangID, NhanvienID, Ngaydathang, ShipperID) VALUES (10268, 33, 8, N'2019-07-30', 3);
INSERT INTO Donhang (DonhangID, KhachhangID, NhanvienID, Ngaydathang, ShipperID) VALUES (10269, 89, 5, N'2019-07-31', 1);
INSERT INTO Donhang (DonhangID, KhachhangID, NhanvienID, Ngaydathang, ShipperID) VALUES (10270, 87, 1, N'2019-08-01', 1);
INSERT INTO Donhang (DonhangID, KhachhangID, NhanvienID, Ngaydathang, ShipperID) VALUES (10271, 75, 6, N'2019-08-01', 2);
INSERT INTO Donhang (DonhangID, KhachhangID, NhanvienID, Ngaydathang, ShipperID) VALUES (10272, 65, 6, N'2019-08-02', 2);
INSERT INTO Donhang (DonhangID, KhachhangID, NhanvienID, Ngaydathang, ShipperID) VALUES (10273, 63, 3, N'2019-08-05', 3);
INSERT INTO Donhang (DonhangID, KhachhangID, NhanvienID, Ngaydathang, ShipperID) VALUES (10274, 85, 6, N'2019-08-06', 1);
INSERT INTO Donhang (DonhangID, KhachhangID, NhanvienID, Ngaydathang, ShipperID) VALUES (10275, 49, 1, N'2019-08-07', 1);
INSERT INTO Donhang (DonhangID, KhachhangID, NhanvienID, Ngaydathang, ShipperID) VALUES (10276, 80, 8, N'2019-08-08', 3);
INSERT INTO Donhang (DonhangID, KhachhangID, NhanvienID, Ngaydathang, ShipperID) VALUES (10277, 52, 2, N'2019-08-09', 3);
INSERT INTO Donhang (DonhangID, KhachhangID, NhanvienID, Ngaydathang, ShipperID) VALUES (10278, 5, 8, N'2019-08-12', 2);
INSERT INTO Donhang (DonhangID, KhachhangID, NhanvienID, Ngaydathang, ShipperID) VALUES (10279, 44, 8, N'2019-08-13', 2);
INSERT INTO Donhang (DonhangID, KhachhangID, NhanvienID, Ngaydathang, ShipperID) VALUES (10280, 5, 2, N'2019-08-14', 1);
INSERT INTO Donhang (DonhangID, KhachhangID, NhanvienID, Ngaydathang, ShipperID) VALUES (10281, 69, 4, N'2019-08-14', 1);
INSERT INTO Donhang (DonhangID, KhachhangID, NhanvienID, Ngaydathang, ShipperID) VALUES (10282, 69, 4, N'2019-08-15', 1);
INSERT INTO Donhang (DonhangID, KhachhangID, NhanvienID, Ngaydathang, ShipperID) VALUES (10283, 46, 3, N'2019-08-16', 3);
INSERT INTO Donhang (DonhangID, KhachhangID, NhanvienID, Ngaydathang, ShipperID) VALUES (10284, 44, 4, N'2019-08-19', 1);
INSERT INTO Donhang (DonhangID, KhachhangID, NhanvienID, Ngaydathang, ShipperID) VALUES (10285, 63, 1, N'2019-08-20', 2);
INSERT INTO Donhang (DonhangID, KhachhangID, NhanvienID, Ngaydathang, ShipperID) VALUES (10286, 63, 8, N'2019-08-21', 3);
INSERT INTO Donhang (DonhangID, KhachhangID, NhanvienID, Ngaydathang, ShipperID) VALUES (10287, 67, 8, N'2019-08-22', 3);
INSERT INTO Donhang (DonhangID, KhachhangID, NhanvienID, Ngaydathang, ShipperID) VALUES (10288, 66, 4, N'2019-08-23', 1);
INSERT INTO Donhang (DonhangID, KhachhangID, NhanvienID, Ngaydathang, ShipperID) VALUES (10289, 11, 7, N'2019-08-26', 3);
INSERT INTO Donhang (DonhangID, KhachhangID, NhanvienID, Ngaydathang, ShipperID) VALUES (10290, 15, 8, N'2019-08-27', 1);
INSERT INTO Donhang (DonhangID, KhachhangID, NhanvienID, Ngaydathang, ShipperID) VALUES (10291, 61, 6, N'2019-08-27', 2);
INSERT INTO Donhang (DonhangID, KhachhangID, NhanvienID, Ngaydathang, ShipperID) VALUES (10292, 81, 1, N'2019-08-28', 2);
INSERT INTO Donhang (DonhangID, KhachhangID, NhanvienID, Ngaydathang, ShipperID) VALUES (10293, 80, 1, N'2019-08-29', 3);
INSERT INTO Donhang (DonhangID, KhachhangID, NhanvienID, Ngaydathang, ShipperID) VALUES (10294, 65, 4, N'2019-08-30', 2);
INSERT INTO Donhang (DonhangID, KhachhangID, NhanvienID, Ngaydathang, ShipperID) VALUES (10295, 85, 2, N'2019-09-02', 2);
INSERT INTO Donhang (DonhangID, KhachhangID, NhanvienID, Ngaydathang, ShipperID) VALUES (10296, 46, 6, N'2019-09-03', 1);
INSERT INTO Donhang (DonhangID, KhachhangID, NhanvienID, Ngaydathang, ShipperID) VALUES (10297, 7, 5, N'2019-09-04', 2);
INSERT INTO Donhang (DonhangID, KhachhangID, NhanvienID, Ngaydathang, ShipperID) VALUES (10298, 37, 6, N'2019-09-05', 2);
INSERT INTO Donhang (DonhangID, KhachhangID, NhanvienID, Ngaydathang, ShipperID) VALUES (10299, 67, 4, N'2019-09-06', 2);
INSERT INTO Donhang (DonhangID, KhachhangID, NhanvienID, Ngaydathang, ShipperID) VALUES (10300, 49, 2, N'2019-09-09', 2);
INSERT INTO Donhang (DonhangID, KhachhangID, NhanvienID, Ngaydathang, ShipperID) VALUES (10301, 86, 8, N'2019-09-09', 2);
INSERT INTO Donhang (DonhangID, KhachhangID, NhanvienID, Ngaydathang, ShipperID) VALUES (10302, 76, 4, N'2019-09-10', 2);
INSERT INTO Donhang (DonhangID, KhachhangID, NhanvienID, Ngaydathang, ShipperID) VALUES (10303, 30, 7, N'2019-09-11', 2);
INSERT INTO Donhang (DonhangID, KhachhangID, NhanvienID, Ngaydathang, ShipperID) VALUES (10304, 80, 1, N'2019-09-12', 2);
INSERT INTO Donhang (DonhangID, KhachhangID, NhanvienID, Ngaydathang, ShipperID) VALUES (10305, 55, 8, N'2019-09-13', 3);
INSERT INTO Donhang (DonhangID, KhachhangID, NhanvienID, Ngaydathang, ShipperID) VALUES (10306, 69, 1, N'2019-09-16', 3);
INSERT INTO Donhang (DonhangID, KhachhangID, NhanvienID, Ngaydathang, ShipperID) VALUES (10307, 48, 2, N'2019-09-17', 2);
INSERT INTO Donhang (DonhangID, KhachhangID, NhanvienID, Ngaydathang, ShipperID) VALUES (10308, 2, 7, N'2019-09-18', 3);
INSERT INTO Donhang (DonhangID, KhachhangID, NhanvienID, Ngaydathang, ShipperID) VALUES (10309, 37, 3, N'2019-09-19', 1);
INSERT INTO Donhang (DonhangID, KhachhangID, NhanvienID, Ngaydathang, ShipperID) VALUES (10310, 77, 8, N'2019-09-20', 2);
INSERT INTO Donhang (DonhangID, KhachhangID, NhanvienID, Ngaydathang, ShipperID) VALUES (10311, 18, 1, N'2019-09-20', 3);
INSERT INTO Donhang (DonhangID, KhachhangID, NhanvienID, Ngaydathang, ShipperID) VALUES (10312, 86, 2, N'2019-09-23', 2);
INSERT INTO Donhang (DonhangID, KhachhangID, NhanvienID, Ngaydathang, ShipperID) VALUES (10313, 63, 2, N'2019-09-24', 2);
INSERT INTO Donhang (DonhangID, KhachhangID, NhanvienID, Ngaydathang, ShipperID) VALUES (10314, 65, 1, N'2019-09-25', 2);
INSERT INTO Donhang (DonhangID, KhachhangID, NhanvienID, Ngaydathang, ShipperID) VALUES (10315, 38, 4, N'2019-09-26', 2);
INSERT INTO Donhang (DonhangID, KhachhangID, NhanvienID, Ngaydathang, ShipperID) VALUES (10316, 65, 1, N'2019-09-27', 3);
INSERT INTO Donhang (DonhangID, KhachhangID, NhanvienID, Ngaydathang, ShipperID) VALUES (10317, 48, 6, N'2019-09-30', 1);
INSERT INTO Donhang (DonhangID, KhachhangID, NhanvienID, Ngaydathang, ShipperID) VALUES (10318, 38, 8, N'2019-10-01', 2);
INSERT INTO Donhang (DonhangID, KhachhangID, NhanvienID, Ngaydathang, ShipperID) VALUES (10319, 80, 7, N'2019-10-02', 3);
INSERT INTO Donhang (DonhangID, KhachhangID, NhanvienID, Ngaydathang, ShipperID) VALUES (10320, 87, 5, N'2019-10-03', 3);
INSERT INTO Donhang (DonhangID, KhachhangID, NhanvienID, Ngaydathang, ShipperID) VALUES (10321, 38, 3, N'2019-10-03', 2);
INSERT INTO Donhang (DonhangID, KhachhangID, NhanvienID, Ngaydathang, ShipperID) VALUES (10322, 58, 7, N'2019-10-04', 3);
INSERT INTO Donhang (DonhangID, KhachhangID, NhanvienID, Ngaydathang, ShipperID) VALUES (10323, 39, 4, N'2019-10-07', 1);
INSERT INTO Donhang (DonhangID, KhachhangID, NhanvienID, Ngaydathang, ShipperID) VALUES (10324, 71, 9, N'2019-10-08', 1);
INSERT INTO Donhang (DonhangID, KhachhangID, NhanvienID, Ngaydathang, ShipperID) VALUES (10325, 39, 1, N'2019-10-09', 3);
INSERT INTO Donhang (DonhangID, KhachhangID, NhanvienID, Ngaydathang, ShipperID) VALUES (10326, 8, 4, N'2019-10-10', 2);
INSERT INTO Donhang (DonhangID, KhachhangID, NhanvienID, Ngaydathang, ShipperID) VALUES (10327, 24, 2, N'2019-10-11', 1);
INSERT INTO Donhang (DonhangID, KhachhangID, NhanvienID, Ngaydathang, ShipperID) VALUES (10328, 28, 4, N'2019-10-14', 3);
INSERT INTO Donhang (DonhangID, KhachhangID, NhanvienID, Ngaydathang, ShipperID) VALUES (10329, 75, 4, N'2019-10-15', 2);
INSERT INTO Donhang (DonhangID, KhachhangID, NhanvienID, Ngaydathang, ShipperID) VALUES (10330, 46, 3, N'2019-10-16', 1);
INSERT INTO Donhang (DonhangID, KhachhangID, NhanvienID, Ngaydathang, ShipperID) VALUES (10331, 9, 9, N'2019-10-16', 1);
INSERT INTO Donhang (DonhangID, KhachhangID, NhanvienID, Ngaydathang, ShipperID) VALUES (10332, 51, 3, N'2019-10-17', 2);
INSERT INTO Donhang (DonhangID, KhachhangID, NhanvienID, Ngaydathang, ShipperID) VALUES (10333, 87, 5, N'2019-10-18', 3);
INSERT INTO Donhang (DonhangID, KhachhangID, NhanvienID, Ngaydathang, ShipperID) VALUES (10334, 84, 8, N'2019-10-21', 2);
INSERT INTO Donhang (DonhangID, KhachhangID, NhanvienID, Ngaydathang, ShipperID) VALUES (10335, 37, 7, N'2019-10-22', 2);
INSERT INTO Donhang (DonhangID, KhachhangID, NhanvienID, Ngaydathang, ShipperID) VALUES (10336, 60, 7, N'2019-10-23', 2);
INSERT INTO Donhang (DonhangID, KhachhangID, NhanvienID, Ngaydathang, ShipperID) VALUES (10337, 25, 4, N'2019-10-24', 3);
INSERT INTO Donhang (DonhangID, KhachhangID, NhanvienID, Ngaydathang, ShipperID) VALUES (10338, 55, 4, N'2019-10-25', 3);
INSERT INTO Donhang (DonhangID, KhachhangID, NhanvienID, Ngaydathang, ShipperID) VALUES (10339, 51, 2, N'2019-10-28', 2);
INSERT INTO Donhang (DonhangID, KhachhangID, NhanvienID, Ngaydathang, ShipperID) VALUES (10340, 9, 1, N'2019-10-29', 3);
INSERT INTO Donhang (DonhangID, KhachhangID, NhanvienID, Ngaydathang, ShipperID) VALUES (10341, 73, 7, N'2019-10-29', 3);
INSERT INTO Donhang (DonhangID, KhachhangID, NhanvienID, Ngaydathang, ShipperID) VALUES (10342, 25, 4, N'2019-10-30', 2);
INSERT INTO Donhang (DonhangID, KhachhangID, NhanvienID, Ngaydathang, ShipperID) VALUES (10343, 44, 4, N'2019-10-31', 1);
INSERT INTO Donhang (DonhangID, KhachhangID, NhanvienID, Ngaydathang, ShipperID) VALUES (10344, 89, 4, N'2019-11-01', 2);
INSERT INTO Donhang (DonhangID, KhachhangID, NhanvienID, Ngaydathang, ShipperID) VALUES (10345, 63, 2, N'2019-11-04', 2);
INSERT INTO Donhang (DonhangID, KhachhangID, NhanvienID, Ngaydathang, ShipperID) VALUES (10346, 65, 3, N'2019-11-05', 3);
INSERT INTO Donhang (DonhangID, KhachhangID, NhanvienID, Ngaydathang, ShipperID) VALUES (10347, 21, 4, N'2019-11-06', 3);
INSERT INTO Donhang (DonhangID, KhachhangID, NhanvienID, Ngaydathang, ShipperID) VALUES (10348, 86, 4, N'2019-11-07', 2);
INSERT INTO Donhang (DonhangID, KhachhangID, NhanvienID, Ngaydathang, ShipperID) VALUES (10349, 75, 7, N'2019-11-08', 1);
INSERT INTO Donhang (DonhangID, KhachhangID, NhanvienID, Ngaydathang, ShipperID) VALUES (10350, 41, 6, N'2019-11-11', 2);
INSERT INTO Donhang (DonhangID, KhachhangID, NhanvienID, Ngaydathang, ShipperID) VALUES (10351, 20, 1, N'2019-11-11', 1);
INSERT INTO Donhang (DonhangID, KhachhangID, NhanvienID, Ngaydathang, ShipperID) VALUES (10352, 28, 3, N'2019-11-12', 3);
INSERT INTO Donhang (DonhangID, KhachhangID, NhanvienID, Ngaydathang, ShipperID) VALUES (10353, 59, 7, N'2019-11-13', 3);
INSERT INTO Donhang (DonhangID, KhachhangID, NhanvienID, Ngaydathang, ShipperID) VALUES (10354, 58, 8, N'2019-11-14', 3);
INSERT INTO Donhang (DonhangID, KhachhangID, NhanvienID, Ngaydathang, ShipperID) VALUES (10355, 4, 6, N'2019-11-15', 1);
INSERT INTO Donhang (DonhangID, KhachhangID, NhanvienID, Ngaydathang, ShipperID) VALUES (10356, 86, 6, N'2019-11-18', 2);
INSERT INTO Donhang (DonhangID, KhachhangID, NhanvienID, Ngaydathang, ShipperID) VALUES (10357, 46, 1, N'2019-11-19', 3);
INSERT INTO Donhang (DonhangID, KhachhangID, NhanvienID, Ngaydathang, ShipperID) VALUES (10358, 41, 5, N'2019-11-20', 1);
INSERT INTO Donhang (DonhangID, KhachhangID, NhanvienID, Ngaydathang, ShipperID) VALUES (10359, 72, 5, N'2019-11-21', 3);
INSERT INTO Donhang (DonhangID, KhachhangID, NhanvienID, Ngaydathang, ShipperID) VALUES (10360, 7, 4, N'2019-11-22', 3);
INSERT INTO Donhang (DonhangID, KhachhangID, NhanvienID, Ngaydathang, ShipperID) VALUES (10361, 63, 1, N'2019-11-22', 2);
INSERT INTO Donhang (DonhangID, KhachhangID, NhanvienID, Ngaydathang, ShipperID) VALUES (10362, 9, 3, N'2019-11-25', 1);
INSERT INTO Donhang (DonhangID, KhachhangID, NhanvienID, Ngaydathang, ShipperID) VALUES (10363, 17, 4, N'2019-11-26', 3);
INSERT INTO Donhang (DonhangID, KhachhangID, NhanvienID, Ngaydathang, ShipperID) VALUES (10364, 19, 1, N'2019-11-26', 1);
INSERT INTO Donhang (DonhangID, KhachhangID, NhanvienID, Ngaydathang, ShipperID) VALUES (10365, 3, 3, N'2019-11-27', 2);
INSERT INTO Donhang (DonhangID, KhachhangID, NhanvienID, Ngaydathang, ShipperID) VALUES (10366, 29, 8, N'2019-11-28', 2);
INSERT INTO Donhang (DonhangID, KhachhangID, NhanvienID, Ngaydathang, ShipperID) VALUES (10367, 83, 7, N'2019-11-28', 3);
INSERT INTO Donhang (DonhangID, KhachhangID, NhanvienID, Ngaydathang, ShipperID) VALUES (10368, 20, 2, N'2019-11-29', 2);
INSERT INTO Donhang (DonhangID, KhachhangID, NhanvienID, Ngaydathang, ShipperID) VALUES (10369, 75, 8, N'2019-12-02', 2);
INSERT INTO Donhang (DonhangID, KhachhangID, NhanvienID, Ngaydathang, ShipperID) VALUES (10370, 14, 6, N'2019-12-03', 2);
INSERT INTO Donhang (DonhangID, KhachhangID, NhanvienID, Ngaydathang, ShipperID) VALUES (10371, 41, 1, N'2019-12-03', 1);
INSERT INTO Donhang (DonhangID, KhachhangID, NhanvienID, Ngaydathang, ShipperID) VALUES (10372, 62, 5, N'2019-12-04', 2);
INSERT INTO Donhang (DonhangID, KhachhangID, NhanvienID, Ngaydathang, ShipperID) VALUES (10373, 37, 4, N'2019-12-05', 3);
INSERT INTO Donhang (DonhangID, KhachhangID, NhanvienID, Ngaydathang, ShipperID) VALUES (10374, 91, 1, N'2019-12-05', 3);
INSERT INTO Donhang (DonhangID, KhachhangID, NhanvienID, Ngaydathang, ShipperID) VALUES (10375, 36, 3, N'2019-12-06', 2);
INSERT INTO Donhang (DonhangID, KhachhangID, NhanvienID, Ngaydathang, ShipperID) VALUES (10376, 51, 1, N'2019-12-09', 2);
INSERT INTO Donhang (DonhangID, KhachhangID, NhanvienID, Ngaydathang, ShipperID) VALUES (10377, 72, 1, N'2019-12-09', 3);
INSERT INTO Donhang (DonhangID, KhachhangID, NhanvienID, Ngaydathang, ShipperID) VALUES (10378, 24, 5, N'2019-12-10', 3);
INSERT INTO Donhang (DonhangID, KhachhangID, NhanvienID, Ngaydathang, ShipperID) VALUES (10379, 61, 2, N'2019-12-11', 1);
INSERT INTO Donhang (DonhangID, KhachhangID, NhanvienID, Ngaydathang, ShipperID) VALUES (10380, 37, 8, N'2019-12-12', 3);
INSERT INTO Donhang (DonhangID, KhachhangID, NhanvienID, Ngaydathang, ShipperID) VALUES (10381, 46, 3, N'2019-12-12', 3);
INSERT INTO Donhang (DonhangID, KhachhangID, NhanvienID, Ngaydathang, ShipperID) VALUES (10382, 20, 4, N'2019-12-13', 1);
INSERT INTO Donhang (DonhangID, KhachhangID, NhanvienID, Ngaydathang, ShipperID) VALUES (10383, 4, 8, N'2019-12-16', 3);
INSERT INTO Donhang (DonhangID, KhachhangID, NhanvienID, Ngaydathang, ShipperID) VALUES (10384, 5, 3, N'2019-12-16', 3);
INSERT INTO Donhang (DonhangID, KhachhangID, NhanvienID, Ngaydathang, ShipperID) VALUES (10385, 75, 1, N'2019-12-17', 2);
INSERT INTO Donhang (DonhangID, KhachhangID, NhanvienID, Ngaydathang, ShipperID) VALUES (10386, 21, 9, N'2019-12-18', 3);
INSERT INTO Donhang (DonhangID, KhachhangID, NhanvienID, Ngaydathang, ShipperID) VALUES (10387, 70, 1, N'2019-12-18', 2);
INSERT INTO Donhang (DonhangID, KhachhangID, NhanvienID, Ngaydathang, ShipperID) VALUES (10388, 72, 2, N'2019-12-19', 1);
INSERT INTO Donhang (DonhangID, KhachhangID, NhanvienID, Ngaydathang, ShipperID) VALUES (10389, 10, 4, N'2019-12-20', 2);
INSERT INTO Donhang (DonhangID, KhachhangID, NhanvienID, Ngaydathang, ShipperID) VALUES (10390, 20, 6, N'2019-12-23', 1);
INSERT INTO Donhang (DonhangID, KhachhangID, NhanvienID, Ngaydathang, ShipperID) VALUES (10391, 17, 3, N'2019-12-23', 3);
INSERT INTO Donhang (DonhangID, KhachhangID, NhanvienID, Ngaydathang, ShipperID) VALUES (10392, 59, 2, N'2019-12-24', 3);
INSERT INTO Donhang (DonhangID, KhachhangID, NhanvienID, Ngaydathang, ShipperID) VALUES (10393, 71, 1, N'2019-12-25', 3);
INSERT INTO Donhang (DonhangID, KhachhangID, NhanvienID, Ngaydathang, ShipperID) VALUES (10394, 36, 1, N'2019-12-25', 3);
INSERT INTO Donhang (DonhangID, KhachhangID, NhanvienID, Ngaydathang, ShipperID) VALUES (10395, 35, 6, N'2019-12-26', 1);
INSERT INTO Donhang (DonhangID, KhachhangID, NhanvienID, Ngaydathang, ShipperID) VALUES (10396, 25, 1, N'2019-12-27', 3);
INSERT INTO Donhang (DonhangID, KhachhangID, NhanvienID, Ngaydathang, ShipperID) VALUES (10397, 60, 5, N'2019-12-27', 1);
INSERT INTO Donhang (DonhangID, KhachhangID, NhanvienID, Ngaydathang, ShipperID) VALUES (10398, 71, 2, N'2019-12-30', 3);
INSERT INTO Donhang (DonhangID, KhachhangID, NhanvienID, Ngaydathang, ShipperID) VALUES (10399, 83, 8, N'2019-12-31', 3);
INSERT INTO Donhang (DonhangID, KhachhangID, NhanvienID, Ngaydathang, ShipperID) VALUES (10400, 19, 1, N'2020-01-01', 3);
INSERT INTO Donhang (DonhangID, KhachhangID, NhanvienID, Ngaydathang, ShipperID) VALUES (10401, 65, 1, N'2020-01-01', 1);
INSERT INTO Donhang (DonhangID, KhachhangID, NhanvienID, Ngaydathang, ShipperID) VALUES (10402, 20, 8, N'2020-01-02', 2);
INSERT INTO Donhang (DonhangID, KhachhangID, NhanvienID, Ngaydathang, ShipperID) VALUES (10403, 20, 4, N'2020-01-03', 3);
INSERT INTO Donhang (DonhangID, KhachhangID, NhanvienID, Ngaydathang, ShipperID) VALUES (10404, 49, 2, N'2020-01-03', 1);
INSERT INTO Donhang (DonhangID, KhachhangID, NhanvienID, Ngaydathang, ShipperID) VALUES (10405, 47, 1, N'2020-01-06', 1);
INSERT INTO Donhang (DonhangID, KhachhangID, NhanvienID, Ngaydathang, ShipperID) VALUES (10406, 62, 7, N'2020-01-07', 1);
INSERT INTO Donhang (DonhangID, KhachhangID, NhanvienID, Ngaydathang, ShipperID) VALUES (10407, 56, 2, N'2020-01-07', 2);
INSERT INTO Donhang (DonhangID, KhachhangID, NhanvienID, Ngaydathang, ShipperID) VALUES (10408, 23, 8, N'2020-01-08', 1);
INSERT INTO Donhang (DonhangID, KhachhangID, NhanvienID, Ngaydathang, ShipperID) VALUES (10409, 54, 3, N'2020-01-09', 1);
INSERT INTO Donhang (DonhangID, KhachhangID, NhanvienID, Ngaydathang, ShipperID) VALUES (10410, 10, 3, N'2020-01-10', 3);
INSERT INTO Donhang (DonhangID, KhachhangID, NhanvienID, Ngaydathang, ShipperID) VALUES (10411, 10, 9, N'2020-01-10', 3);
INSERT INTO Donhang (DonhangID, KhachhangID, NhanvienID, Ngaydathang, ShipperID) VALUES (10412, 87, 8, N'2020-01-13', 2);
INSERT INTO Donhang (DonhangID, KhachhangID, NhanvienID, Ngaydathang, ShipperID) VALUES (10413, 41, 3, N'2020-01-14', 2);
INSERT INTO Donhang (DonhangID, KhachhangID, NhanvienID, Ngaydathang, ShipperID) VALUES (10414, 21, 2, N'2020-01-14', 3);
INSERT INTO Donhang (DonhangID, KhachhangID, NhanvienID, Ngaydathang, ShipperID) VALUES (10415, 36, 3, N'2020-01-15', 1);
INSERT INTO Donhang (DonhangID, KhachhangID, NhanvienID, Ngaydathang, ShipperID) VALUES (10416, 87, 8, N'2020-01-16', 3);
INSERT INTO Donhang (DonhangID, KhachhangID, NhanvienID, Ngaydathang, ShipperID) VALUES (10417, 73, 4, N'2020-01-16', 3);
INSERT INTO Donhang (DonhangID, KhachhangID, NhanvienID, Ngaydathang, ShipperID) VALUES (10418, 63, 4, N'2020-01-17', 1);
INSERT INTO Donhang (DonhangID, KhachhangID, NhanvienID, Ngaydathang, ShipperID) VALUES (10419, 68, 4, N'2020-01-20', 2);
INSERT INTO Donhang (DonhangID, KhachhangID, NhanvienID, Ngaydathang, ShipperID) VALUES (10420, 88, 3, N'2020-01-21', 1);
INSERT INTO Donhang (DonhangID, KhachhangID, NhanvienID, Ngaydathang, ShipperID) VALUES (10421, 61, 8, N'2020-01-21', 1);
INSERT INTO Donhang (DonhangID, KhachhangID, NhanvienID, Ngaydathang, ShipperID) VALUES (10422, 27, 2, N'2020-01-22', 1);
INSERT INTO Donhang (DonhangID, KhachhangID, NhanvienID, Ngaydathang, ShipperID) VALUES (10423, 31, 6, N'2020-01-23', 3);
INSERT INTO Donhang (DonhangID, KhachhangID, NhanvienID, Ngaydathang, ShipperID) VALUES (10424, 51, 7, N'2020-01-23', 2);
INSERT INTO Donhang (DonhangID, KhachhangID, NhanvienID, Ngaydathang, ShipperID) VALUES (10425, 41, 6, N'2020-01-24', 2);
INSERT INTO Donhang (DonhangID, KhachhangID, NhanvienID, Ngaydathang, ShipperID) VALUES (10426, 29, 4, N'2020-01-27', 1);
INSERT INTO Donhang (DonhangID, KhachhangID, NhanvienID, Ngaydathang, ShipperID) VALUES (10427, 59, 4, N'2020-01-27', 2);
INSERT INTO Donhang (DonhangID, KhachhangID, NhanvienID, Ngaydathang, ShipperID) VALUES (10428, 66, 7, N'2020-01-28', 1);
INSERT INTO Donhang (DonhangID, KhachhangID, NhanvienID, Ngaydathang, ShipperID) VALUES (10429, 37, 3, N'2020-01-29', 2);
INSERT INTO Donhang (DonhangID, KhachhangID, NhanvienID, Ngaydathang, ShipperID) VALUES (10430, 20, 4, N'2020-01-30', 1);
INSERT INTO Donhang (DonhangID, KhachhangID, NhanvienID, Ngaydathang, ShipperID) VALUES (10431, 10, 4, N'2020-01-30', 2);
INSERT INTO Donhang (DonhangID, KhachhangID, NhanvienID, Ngaydathang, ShipperID) VALUES (10432, 75, 3, N'2020-01-31', 2);
INSERT INTO Donhang (DonhangID, KhachhangID, NhanvienID, Ngaydathang, ShipperID) VALUES (10433, 60, 3, N'2020-02-03', 3);
INSERT INTO Donhang (DonhangID, KhachhangID, NhanvienID, Ngaydathang, ShipperID) VALUES (10434, 24, 3, N'2020-02-03', 2);
INSERT INTO Donhang (DonhangID, KhachhangID, NhanvienID, Ngaydathang, ShipperID) VALUES (10435, 16, 8, N'2020-02-04', 2);
INSERT INTO Donhang (DonhangID, KhachhangID, NhanvienID, Ngaydathang, ShipperID) VALUES (10436, 7, 3, N'2020-02-05', 2);
INSERT INTO Donhang (DonhangID, KhachhangID, NhanvienID, Ngaydathang, ShipperID) VALUES (10437, 87, 8, N'2020-02-05', 1);
INSERT INTO Donhang (DonhangID, KhachhangID, NhanvienID, Ngaydathang, ShipperID) VALUES (10438, 79, 3, N'2020-02-06', 2);
INSERT INTO Donhang (DonhangID, KhachhangID, NhanvienID, Ngaydathang, ShipperID) VALUES (10439, 51, 6, N'2020-02-07', 3);
INSERT INTO Donhang (DonhangID, KhachhangID, NhanvienID, Ngaydathang, ShipperID) VALUES (10440, 71, 4, N'2020-02-10', 2);
INSERT INTO Donhang (DonhangID, KhachhangID, NhanvienID, Ngaydathang, ShipperID) VALUES (10441, 55, 3, N'2020-02-10', 2);
INSERT INTO Donhang (DonhangID, KhachhangID, NhanvienID, Ngaydathang, ShipperID) VALUES (10442, 20, 3, N'2020-02-11', 2);
INSERT INTO Donhang (DonhangID, KhachhangID, NhanvienID, Ngaydathang, ShipperID) VALUES (10443, 66, 8, N'2020-02-12', 1);
SET IDENTITY_INSERT Donhang OFF
 
-- Table: DonhangChitiet
SET IDENTITY_INSERT DonhangChitiet ON
INSERT INTO DonhangChitiet (DonhangChitietID, DonhangID, SanphamID, Soluong) VALUES (1, 10248, 11, 12);
INSERT INTO DonhangChitiet (DonhangChitietID, DonhangID, SanphamID, Soluong) VALUES (2, 10248, 42, 10);
INSERT INTO DonhangChitiet (DonhangChitietID, DonhangID, SanphamID, Soluong) VALUES (3, 10248, 72, 5);
INSERT INTO DonhangChitiet (DonhangChitietID, DonhangID, SanphamID, Soluong) VALUES (4, 10249, 14, 9);
INSERT INTO DonhangChitiet (DonhangChitietID, DonhangID, SanphamID, Soluong) VALUES (5, 10249, 51, 40);
INSERT INTO DonhangChitiet (DonhangChitietID, DonhangID, SanphamID, Soluong) VALUES (6, 10250, 41, 10);
INSERT INTO DonhangChitiet (DonhangChitietID, DonhangID, SanphamID, Soluong) VALUES (7, 10250, 51, 35);
INSERT INTO DonhangChitiet (DonhangChitietID, DonhangID, SanphamID, Soluong) VALUES (8, 10250, 65, 15);
INSERT INTO DonhangChitiet (DonhangChitietID, DonhangID, SanphamID, Soluong) VALUES (9, 10251, 22, 6);
INSERT INTO DonhangChitiet (DonhangChitietID, DonhangID, SanphamID, Soluong) VALUES (10, 10251, 57, 15);
INSERT INTO DonhangChitiet (DonhangChitietID, DonhangID, SanphamID, Soluong) VALUES (11, 10251, 65, 20);
INSERT INTO DonhangChitiet (DonhangChitietID, DonhangID, SanphamID, Soluong) VALUES (12, 10252, 20, 40);
INSERT INTO DonhangChitiet (DonhangChitietID, DonhangID, SanphamID, Soluong) VALUES (13, 10252, 33, 25);
INSERT INTO DonhangChitiet (DonhangChitietID, DonhangID, SanphamID, Soluong) VALUES (14, 10252, 60, 40);
INSERT INTO DonhangChitiet (DonhangChitietID, DonhangID, SanphamID, Soluong) VALUES (15, 10253, 31, 20);
INSERT INTO DonhangChitiet (DonhangChitietID, DonhangID, SanphamID, Soluong) VALUES (16, 10253, 39, 42);
INSERT INTO DonhangChitiet (DonhangChitietID, DonhangID, SanphamID, Soluong) VALUES (17, 10253, 49, 40);
INSERT INTO DonhangChitiet (DonhangChitietID, DonhangID, SanphamID, Soluong) VALUES (18, 10254, 24, 15);
INSERT INTO DonhangChitiet (DonhangChitietID, DonhangID, SanphamID, Soluong) VALUES (19, 10254, 55, 21);
INSERT INTO DonhangChitiet (DonhangChitietID, DonhangID, SanphamID, Soluong) VALUES (20, 10254, 74, 21);
INSERT INTO DonhangChitiet (DonhangChitietID, DonhangID, SanphamID, Soluong) VALUES (21, 10255, 2, 20);
INSERT INTO DonhangChitiet (DonhangChitietID, DonhangID, SanphamID, Soluong) VALUES (22, 10255, 16, 35);
INSERT INTO DonhangChitiet (DonhangChitietID, DonhangID, SanphamID, Soluong) VALUES (23, 10255, 36, 25);
INSERT INTO DonhangChitiet (DonhangChitietID, DonhangID, SanphamID, Soluong) VALUES (24, 10255, 59, 30);
INSERT INTO DonhangChitiet (DonhangChitietID, DonhangID, SanphamID, Soluong) VALUES (25, 10256, 53, 15);
INSERT INTO DonhangChitiet (DonhangChitietID, DonhangID, SanphamID, Soluong) VALUES (26, 10256, 77, 12);
INSERT INTO DonhangChitiet (DonhangChitietID, DonhangID, SanphamID, Soluong) VALUES (27, 10257, 27, 25);
INSERT INTO DonhangChitiet (DonhangChitietID, DonhangID, SanphamID, Soluong) VALUES (28, 10257, 39, 6);
INSERT INTO DonhangChitiet (DonhangChitietID, DonhangID, SanphamID, Soluong) VALUES (29, 10257, 77, 15);
INSERT INTO DonhangChitiet (DonhangChitietID, DonhangID, SanphamID, Soluong) VALUES (30, 10258, 2, 50);
INSERT INTO DonhangChitiet (DonhangChitietID, DonhangID, SanphamID, Soluong) VALUES (31, 10258, 5, 65);
INSERT INTO DonhangChitiet (DonhangChitietID, DonhangID, SanphamID, Soluong) VALUES (32, 10258, 32, 6);
INSERT INTO DonhangChitiet (DonhangChitietID, DonhangID, SanphamID, Soluong) VALUES (33, 10259, 21, 10);
INSERT INTO DonhangChitiet (DonhangChitietID, DonhangID, SanphamID, Soluong) VALUES (34, 10259, 37, 1);
INSERT INTO DonhangChitiet (DonhangChitietID, DonhangID, SanphamID, Soluong) VALUES (35, 10260, 41, 16);
INSERT INTO DonhangChitiet (DonhangChitietID, DonhangID, SanphamID, Soluong) VALUES (36, 10260, 57, 50);
INSERT INTO DonhangChitiet (DonhangChitietID, DonhangID, SanphamID, Soluong) VALUES (37, 10260, 62, 15);
INSERT INTO DonhangChitiet (DonhangChitietID, DonhangID, SanphamID, Soluong) VALUES (38, 10260, 70, 21);
INSERT INTO DonhangChitiet (DonhangChitietID, DonhangID, SanphamID, Soluong) VALUES (39, 10261, 21, 20);
INSERT INTO DonhangChitiet (DonhangChitietID, DonhangID, SanphamID, Soluong) VALUES (40, 10261, 35, 20);
INSERT INTO DonhangChitiet (DonhangChitietID, DonhangID, SanphamID, Soluong) VALUES (41, 10262, 5, 12);
INSERT INTO DonhangChitiet (DonhangChitietID, DonhangID, SanphamID, Soluong) VALUES (42, 10262, 7, 15);
INSERT INTO DonhangChitiet (DonhangChitietID, DonhangID, SanphamID, Soluong) VALUES (43, 10262, 56, 2);
INSERT INTO DonhangChitiet (DonhangChitietID, DonhangID, SanphamID, Soluong) VALUES (44, 10263, 16, 60);
INSERT INTO DonhangChitiet (DonhangChitietID, DonhangID, SanphamID, Soluong) VALUES (45, 10263, 24, 28);
INSERT INTO DonhangChitiet (DonhangChitietID, DonhangID, SanphamID, Soluong) VALUES (46, 10263, 30, 60);
INSERT INTO DonhangChitiet (DonhangChitietID, DonhangID, SanphamID, Soluong) VALUES (47, 10263, 74, 36);
INSERT INTO DonhangChitiet (DonhangChitietID, DonhangID, SanphamID, Soluong) VALUES (48, 10264, 2, 35);
INSERT INTO DonhangChitiet (DonhangChitietID, DonhangID, SanphamID, Soluong) VALUES (49, 10264, 41, 25);
INSERT INTO DonhangChitiet (DonhangChitietID, DonhangID, SanphamID, Soluong) VALUES (50, 10265, 17, 30);
INSERT INTO DonhangChitiet (DonhangChitietID, DonhangID, SanphamID, Soluong) VALUES (51, 10265, 70, 20);
INSERT INTO DonhangChitiet (DonhangChitietID, DonhangID, SanphamID, Soluong) VALUES (52, 10266, 12, 12);
INSERT INTO DonhangChitiet (DonhangChitietID, DonhangID, SanphamID, Soluong) VALUES (53, 10267, 40, 50);
INSERT INTO DonhangChitiet (DonhangChitietID, DonhangID, SanphamID, Soluong) VALUES (54, 10267, 59, 70);
INSERT INTO DonhangChitiet (DonhangChitietID, DonhangID, SanphamID, Soluong) VALUES (55, 10267, 76, 15);
INSERT INTO DonhangChitiet (DonhangChitietID, DonhangID, SanphamID, Soluong) VALUES (56, 10268, 29, 10);
INSERT INTO DonhangChitiet (DonhangChitietID, DonhangID, SanphamID, Soluong) VALUES (57, 10268, 72, 4);
INSERT INTO DonhangChitiet (DonhangChitietID, DonhangID, SanphamID, Soluong) VALUES (58, 10269, 33, 60);
INSERT INTO DonhangChitiet (DonhangChitietID, DonhangID, SanphamID, Soluong) VALUES (59, 10269, 72, 20);
INSERT INTO DonhangChitiet (DonhangChitietID, DonhangID, SanphamID, Soluong) VALUES (60, 10270, 36, 30);
INSERT INTO DonhangChitiet (DonhangChitietID, DonhangID, SanphamID, Soluong) VALUES (61, 10270, 43, 25);
INSERT INTO DonhangChitiet (DonhangChitietID, DonhangID, SanphamID, Soluong) VALUES (62, 10271, 33, 24);
INSERT INTO DonhangChitiet (DonhangChitietID, DonhangID, SanphamID, Soluong) VALUES (63, 10272, 20, 6);
INSERT INTO DonhangChitiet (DonhangChitietID, DonhangID, SanphamID, Soluong) VALUES (64, 10272, 31, 40);
INSERT INTO DonhangChitiet (DonhangChitietID, DonhangID, SanphamID, Soluong) VALUES (65, 10272, 72, 24);
INSERT INTO DonhangChitiet (DonhangChitietID, DonhangID, SanphamID, Soluong) VALUES (66, 10273, 10, 24);
INSERT INTO DonhangChitiet (DonhangChitietID, DonhangID, SanphamID, Soluong) VALUES (67, 10273, 31, 15);
INSERT INTO DonhangChitiet (DonhangChitietID, DonhangID, SanphamID, Soluong) VALUES (68, 10273, 33, 20);
INSERT INTO DonhangChitiet (DonhangChitietID, DonhangID, SanphamID, Soluong) VALUES (69, 10273, 40, 60);
INSERT INTO DonhangChitiet (DonhangChitietID, DonhangID, SanphamID, Soluong) VALUES (70, 10273, 76, 33);
INSERT INTO DonhangChitiet (DonhangChitietID, DonhangID, SanphamID, Soluong) VALUES (71, 10274, 71, 20);
INSERT INTO DonhangChitiet (DonhangChitietID, DonhangID, SanphamID, Soluong) VALUES (72, 10274, 72, 7);
INSERT INTO DonhangChitiet (DonhangChitietID, DonhangID, SanphamID, Soluong) VALUES (73, 10275, 24, 12);
INSERT INTO DonhangChitiet (DonhangChitietID, DonhangID, SanphamID, Soluong) VALUES (74, 10275, 59, 6);
INSERT INTO DonhangChitiet (DonhangChitietID, DonhangID, SanphamID, Soluong) VALUES (75, 10276, 10, 15);
INSERT INTO DonhangChitiet (DonhangChitietID, DonhangID, SanphamID, Soluong) VALUES (76, 10276, 13, 10);
INSERT INTO DonhangChitiet (DonhangChitietID, DonhangID, SanphamID, Soluong) VALUES (77, 10277, 28, 20);
INSERT INTO DonhangChitiet (DonhangChitietID, DonhangID, SanphamID, Soluong) VALUES (78, 10277, 62, 12);
INSERT INTO DonhangChitiet (DonhangChitietID, DonhangID, SanphamID, Soluong) VALUES (79, 10278, 44, 16);
INSERT INTO DonhangChitiet (DonhangChitietID, DonhangID, SanphamID, Soluong) VALUES (80, 10278, 59, 15);
INSERT INTO DonhangChitiet (DonhangChitietID, DonhangID, SanphamID, Soluong) VALUES (81, 10278, 63, 8);
INSERT INTO DonhangChitiet (DonhangChitietID, DonhangID, SanphamID, Soluong) VALUES (82, 10278, 73, 25);
INSERT INTO DonhangChitiet (DonhangChitietID, DonhangID, SanphamID, Soluong) VALUES (83, 10279, 17, 15);
INSERT INTO DonhangChitiet (DonhangChitietID, DonhangID, SanphamID, Soluong) VALUES (84, 10280, 24, 12);
INSERT INTO DonhangChitiet (DonhangChitietID, DonhangID, SanphamID, Soluong) VALUES (85, 10280, 55, 20);
INSERT INTO DonhangChitiet (DonhangChitietID, DonhangID, SanphamID, Soluong) VALUES (86, 10280, 75, 30);
INSERT INTO DonhangChitiet (DonhangChitietID, DonhangID, SanphamID, Soluong) VALUES (87, 10281, 19, 1);
INSERT INTO DonhangChitiet (DonhangChitietID, DonhangID, SanphamID, Soluong) VALUES (88, 10281, 24, 6);
INSERT INTO DonhangChitiet (DonhangChitietID, DonhangID, SanphamID, Soluong) VALUES (89, 10281, 35, 4);
INSERT INTO DonhangChitiet (DonhangChitietID, DonhangID, SanphamID, Soluong) VALUES (90, 10282, 30, 6);
INSERT INTO DonhangChitiet (DonhangChitietID, DonhangID, SanphamID, Soluong) VALUES (91, 10282, 57, 2);
INSERT INTO DonhangChitiet (DonhangChitietID, DonhangID, SanphamID, Soluong) VALUES (92, 10283, 15, 20);
INSERT INTO DonhangChitiet (DonhangChitietID, DonhangID, SanphamID, Soluong) VALUES (93, 10283, 19, 18);
INSERT INTO DonhangChitiet (DonhangChitietID, DonhangID, SanphamID, Soluong) VALUES (94, 10283, 60, 35);
INSERT INTO DonhangChitiet (DonhangChitietID, DonhangID, SanphamID, Soluong) VALUES (95, 10283, 72, 3);
INSERT INTO DonhangChitiet (DonhangChitietID, DonhangID, SanphamID, Soluong) VALUES (96, 10284, 27, 15);
INSERT INTO DonhangChitiet (DonhangChitietID, DonhangID, SanphamID, Soluong) VALUES (97, 10284, 44, 21);
INSERT INTO DonhangChitiet (DonhangChitietID, DonhangID, SanphamID, Soluong) VALUES (98, 10284, 60, 20);
INSERT INTO DonhangChitiet (DonhangChitietID, DonhangID, SanphamID, Soluong) VALUES (99, 10284, 67, 5);
INSERT INTO DonhangChitiet (DonhangChitietID, DonhangID, SanphamID, Soluong) VALUES (100, 10285, 1, 45);
INSERT INTO DonhangChitiet (DonhangChitietID, DonhangID, SanphamID, Soluong) VALUES (101, 10285, 40, 40);
INSERT INTO DonhangChitiet (DonhangChitietID, DonhangID, SanphamID, Soluong) VALUES (102, 10285, 53, 36);
INSERT INTO DonhangChitiet (DonhangChitietID, DonhangID, SanphamID, Soluong) VALUES (103, 10286, 35, 100);
INSERT INTO DonhangChitiet (DonhangChitietID, DonhangID, SanphamID, Soluong) VALUES (104, 10286, 62, 40);
INSERT INTO DonhangChitiet (DonhangChitietID, DonhangID, SanphamID, Soluong) VALUES (105, 10287, 16, 40);
INSERT INTO DonhangChitiet (DonhangChitietID, DonhangID, SanphamID, Soluong) VALUES (106, 10287, 34, 20);
INSERT INTO DonhangChitiet (DonhangChitietID, DonhangID, SanphamID, Soluong) VALUES (107, 10287, 46, 15);
INSERT INTO DonhangChitiet (DonhangChitietID, DonhangID, SanphamID, Soluong) VALUES (108, 10288, 54, 10);
INSERT INTO DonhangChitiet (DonhangChitietID, DonhangID, SanphamID, Soluong) VALUES (109, 10288, 68, 3);
INSERT INTO DonhangChitiet (DonhangChitietID, DonhangID, SanphamID, Soluong) VALUES (110, 10289, 3, 30);
INSERT INTO DonhangChitiet (DonhangChitietID, DonhangID, SanphamID, Soluong) VALUES (111, 10289, 64, 9);
INSERT INTO DonhangChitiet (DonhangChitietID, DonhangID, SanphamID, Soluong) VALUES (112, 10290, 5, 20);
INSERT INTO DonhangChitiet (DonhangChitietID, DonhangID, SanphamID, Soluong) VALUES (113, 10290, 29, 15);
INSERT INTO DonhangChitiet (DonhangChitietID, DonhangID, SanphamID, Soluong) VALUES (114, 10290, 49, 15);
INSERT INTO DonhangChitiet (DonhangChitietID, DonhangID, SanphamID, Soluong) VALUES (115, 10290, 77, 10);
INSERT INTO DonhangChitiet (DonhangChitietID, DonhangID, SanphamID, Soluong) VALUES (116, 10291, 13, 20);
INSERT INTO DonhangChitiet (DonhangChitietID, DonhangID, SanphamID, Soluong) VALUES (117, 10291, 44, 24);
INSERT INTO DonhangChitiet (DonhangChitietID, DonhangID, SanphamID, Soluong) VALUES (118, 10291, 51, 2);
INSERT INTO DonhangChitiet (DonhangChitietID, DonhangID, SanphamID, Soluong) VALUES (119, 10292, 20, 20);
INSERT INTO DonhangChitiet (DonhangChitietID, DonhangID, SanphamID, Soluong) VALUES (120, 10293, 18, 12);
INSERT INTO DonhangChitiet (DonhangChitietID, DonhangID, SanphamID, Soluong) VALUES (121, 10293, 24, 10);
INSERT INTO DonhangChitiet (DonhangChitietID, DonhangID, SanphamID, Soluong) VALUES (122, 10293, 63, 5);
INSERT INTO DonhangChitiet (DonhangChitietID, DonhangID, SanphamID, Soluong) VALUES (123, 10293, 75, 6);
INSERT INTO DonhangChitiet (DonhangChitietID, DonhangID, SanphamID, Soluong) VALUES (124, 10294, 1, 18);
INSERT INTO DonhangChitiet (DonhangChitietID, DonhangID, SanphamID, Soluong) VALUES (125, 10294, 17, 15);
INSERT INTO DonhangChitiet (DonhangChitietID, DonhangID, SanphamID, Soluong) VALUES (126, 10294, 43, 15);
INSERT INTO DonhangChitiet (DonhangChitietID, DonhangID, SanphamID, Soluong) VALUES (127, 10294, 60, 21);
INSERT INTO DonhangChitiet (DonhangChitietID, DonhangID, SanphamID, Soluong) VALUES (128, 10294, 75, 6);
INSERT INTO DonhangChitiet (DonhangChitietID, DonhangID, SanphamID, Soluong) VALUES (129, 10295, 56, 4);
INSERT INTO DonhangChitiet (DonhangChitietID, DonhangID, SanphamID, Soluong) VALUES (130, 10296, 11, 12);
INSERT INTO DonhangChitiet (DonhangChitietID, DonhangID, SanphamID, Soluong) VALUES (131, 10296, 16, 30);
INSERT INTO DonhangChitiet (DonhangChitietID, DonhangID, SanphamID, Soluong) VALUES (132, 10296, 69, 15);
INSERT INTO DonhangChitiet (DonhangChitietID, DonhangID, SanphamID, Soluong) VALUES (133, 10297, 39, 60);
INSERT INTO DonhangChitiet (DonhangChitietID, DonhangID, SanphamID, Soluong) VALUES (134, 10297, 72, 20);
INSERT INTO DonhangChitiet (DonhangChitietID, DonhangID, SanphamID, Soluong) VALUES (135, 10298, 2, 40);
INSERT INTO DonhangChitiet (DonhangChitietID, DonhangID, SanphamID, Soluong) VALUES (136, 10298, 36, 40);
INSERT INTO DonhangChitiet (DonhangChitietID, DonhangID, SanphamID, Soluong) VALUES (137, 10298, 59, 30);
INSERT INTO DonhangChitiet (DonhangChitietID, DonhangID, SanphamID, Soluong) VALUES (138, 10298, 62, 15);
INSERT INTO DonhangChitiet (DonhangChitietID, DonhangID, SanphamID, Soluong) VALUES (139, 10299, 19, 15);
INSERT INTO DonhangChitiet (DonhangChitietID, DonhangID, SanphamID, Soluong) VALUES (140, 10299, 70, 20);
INSERT INTO DonhangChitiet (DonhangChitietID, DonhangID, SanphamID, Soluong) VALUES (141, 10300, 66, 30);
INSERT INTO DonhangChitiet (DonhangChitietID, DonhangID, SanphamID, Soluong) VALUES (142, 10300, 68, 20);
INSERT INTO DonhangChitiet (DonhangChitietID, DonhangID, SanphamID, Soluong) VALUES (143, 10301, 40, 10);
INSERT INTO DonhangChitiet (DonhangChitietID, DonhangID, SanphamID, Soluong) VALUES (144, 10301, 56, 20);
INSERT INTO DonhangChitiet (DonhangChitietID, DonhangID, SanphamID, Soluong) VALUES (145, 10302, 17, 40);
INSERT INTO DonhangChitiet (DonhangChitietID, DonhangID, SanphamID, Soluong) VALUES (146, 10302, 28, 28);
INSERT INTO DonhangChitiet (DonhangChitietID, DonhangID, SanphamID, Soluong) VALUES (147, 10302, 43, 12);
INSERT INTO DonhangChitiet (DonhangChitietID, DonhangID, SanphamID, Soluong) VALUES (148, 10303, 40, 40);
INSERT INTO DonhangChitiet (DonhangChitietID, DonhangID, SanphamID, Soluong) VALUES (149, 10303, 65, 30);
INSERT INTO DonhangChitiet (DonhangChitietID, DonhangID, SanphamID, Soluong) VALUES (150, 10303, 68, 15);
INSERT INTO DonhangChitiet (DonhangChitietID, DonhangID, SanphamID, Soluong) VALUES (151, 10304, 49, 30);
INSERT INTO DonhangChitiet (DonhangChitietID, DonhangID, SanphamID, Soluong) VALUES (152, 10304, 59, 10);
INSERT INTO DonhangChitiet (DonhangChitietID, DonhangID, SanphamID, Soluong) VALUES (153, 10304, 71, 2);
INSERT INTO DonhangChitiet (DonhangChitietID, DonhangID, SanphamID, Soluong) VALUES (154, 10305, 18, 25);
INSERT INTO DonhangChitiet (DonhangChitietID, DonhangID, SanphamID, Soluong) VALUES (155, 10305, 29, 25);
INSERT INTO DonhangChitiet (DonhangChitietID, DonhangID, SanphamID, Soluong) VALUES (156, 10305, 39, 30);
INSERT INTO DonhangChitiet (DonhangChitietID, DonhangID, SanphamID, Soluong) VALUES (157, 10306, 30, 10);
INSERT INTO DonhangChitiet (DonhangChitietID, DonhangID, SanphamID, Soluong) VALUES (158, 10306, 53, 10);
INSERT INTO DonhangChitiet (DonhangChitietID, DonhangID, SanphamID, Soluong) VALUES (159, 10306, 54, 5);
INSERT INTO DonhangChitiet (DonhangChitietID, DonhangID, SanphamID, Soluong) VALUES (160, 10307, 62, 10);
INSERT INTO DonhangChitiet (DonhangChitietID, DonhangID, SanphamID, Soluong) VALUES (161, 10307, 68, 3);
INSERT INTO DonhangChitiet (DonhangChitietID, DonhangID, SanphamID, Soluong) VALUES (162, 10308, 69, 1);
INSERT INTO DonhangChitiet (DonhangChitietID, DonhangID, SanphamID, Soluong) VALUES (163, 10308, 70, 5);
INSERT INTO DonhangChitiet (DonhangChitietID, DonhangID, SanphamID, Soluong) VALUES (164, 10309, 4, 20);
INSERT INTO DonhangChitiet (DonhangChitietID, DonhangID, SanphamID, Soluong) VALUES (165, 10309, 6, 30);
INSERT INTO DonhangChitiet (DonhangChitietID, DonhangID, SanphamID, Soluong) VALUES (166, 10309, 42, 2);
INSERT INTO DonhangChitiet (DonhangChitietID, DonhangID, SanphamID, Soluong) VALUES (167, 10309, 43, 20);
INSERT INTO DonhangChitiet (DonhangChitietID, DonhangID, SanphamID, Soluong) VALUES (168, 10309, 71, 3);
INSERT INTO DonhangChitiet (DonhangChitietID, DonhangID, SanphamID, Soluong) VALUES (169, 10310, 16, 10);
INSERT INTO DonhangChitiet (DonhangChitietID, DonhangID, SanphamID, Soluong) VALUES (170, 10310, 62, 5);
INSERT INTO DonhangChitiet (DonhangChitietID, DonhangID, SanphamID, Soluong) VALUES (171, 10311, 42, 6);
INSERT INTO DonhangChitiet (DonhangChitietID, DonhangID, SanphamID, Soluong) VALUES (172, 10311, 69, 7);
INSERT INTO DonhangChitiet (DonhangChitietID, DonhangID, SanphamID, Soluong) VALUES (173, 10312, 28, 4);
INSERT INTO DonhangChitiet (DonhangChitietID, DonhangID, SanphamID, Soluong) VALUES (174, 10312, 43, 24);
INSERT INTO DonhangChitiet (DonhangChitietID, DonhangID, SanphamID, Soluong) VALUES (175, 10312, 53, 20);
INSERT INTO DonhangChitiet (DonhangChitietID, DonhangID, SanphamID, Soluong) VALUES (176, 10312, 75, 10);
INSERT INTO DonhangChitiet (DonhangChitietID, DonhangID, SanphamID, Soluong) VALUES (177, 10313, 36, 12);
INSERT INTO DonhangChitiet (DonhangChitietID, DonhangID, SanphamID, Soluong) VALUES (178, 10314, 32, 40);
INSERT INTO DonhangChitiet (DonhangChitietID, DonhangID, SanphamID, Soluong) VALUES (179, 10314, 58, 30);
INSERT INTO DonhangChitiet (DonhangChitietID, DonhangID, SanphamID, Soluong) VALUES (180, 10314, 62, 25);
INSERT INTO DonhangChitiet (DonhangChitietID, DonhangID, SanphamID, Soluong) VALUES (181, 10315, 34, 14);
INSERT INTO DonhangChitiet (DonhangChitietID, DonhangID, SanphamID, Soluong) VALUES (182, 10315, 70, 30);
INSERT INTO DonhangChitiet (DonhangChitietID, DonhangID, SanphamID, Soluong) VALUES (183, 10316, 41, 10);
INSERT INTO DonhangChitiet (DonhangChitietID, DonhangID, SanphamID, Soluong) VALUES (184, 10316, 62, 70);
INSERT INTO DonhangChitiet (DonhangChitietID, DonhangID, SanphamID, Soluong) VALUES (185, 10317, 1, 20);
INSERT INTO DonhangChitiet (DonhangChitietID, DonhangID, SanphamID, Soluong) VALUES (186, 10318, 41, 20);
INSERT INTO DonhangChitiet (DonhangChitietID, DonhangID, SanphamID, Soluong) VALUES (187, 10318, 76, 6);
INSERT INTO DonhangChitiet (DonhangChitietID, DonhangID, SanphamID, Soluong) VALUES (188, 10319, 17, 8);
INSERT INTO DonhangChitiet (DonhangChitietID, DonhangID, SanphamID, Soluong) VALUES (189, 10319, 28, 14);
INSERT INTO DonhangChitiet (DonhangChitietID, DonhangID, SanphamID, Soluong) VALUES (190, 10319, 76, 30);
INSERT INTO DonhangChitiet (DonhangChitietID, DonhangID, SanphamID, Soluong) VALUES (191, 10320, 71, 30);
INSERT INTO DonhangChitiet (DonhangChitietID, DonhangID, SanphamID, Soluong) VALUES (192, 10321, 35, 10);
INSERT INTO DonhangChitiet (DonhangChitietID, DonhangID, SanphamID, Soluong) VALUES (193, 10322, 52, 20);
INSERT INTO DonhangChitiet (DonhangChitietID, DonhangID, SanphamID, Soluong) VALUES (194, 10323, 15, 5);
INSERT INTO DonhangChitiet (DonhangChitietID, DonhangID, SanphamID, Soluong) VALUES (195, 10323, 25, 4);
INSERT INTO DonhangChitiet (DonhangChitietID, DonhangID, SanphamID, Soluong) VALUES (196, 10323, 39, 4);
INSERT INTO DonhangChitiet (DonhangChitietID, DonhangID, SanphamID, Soluong) VALUES (197, 10324, 16, 21);
INSERT INTO DonhangChitiet (DonhangChitietID, DonhangID, SanphamID, Soluong) VALUES (198, 10324, 35, 70);
INSERT INTO DonhangChitiet (DonhangChitietID, DonhangID, SanphamID, Soluong) VALUES (199, 10324, 46, 30);
INSERT INTO DonhangChitiet (DonhangChitietID, DonhangID, SanphamID, Soluong) VALUES (200, 10324, 59, 40);
INSERT INTO DonhangChitiet (DonhangChitietID, DonhangID, SanphamID, Soluong) VALUES (201, 10324, 63, 80);
INSERT INTO DonhangChitiet (DonhangChitietID, DonhangID, SanphamID, Soluong) VALUES (202, 10325, 6, 6);
INSERT INTO DonhangChitiet (DonhangChitietID, DonhangID, SanphamID, Soluong) VALUES (203, 10325, 13, 12);
INSERT INTO DonhangChitiet (DonhangChitietID, DonhangID, SanphamID, Soluong) VALUES (204, 10325, 14, 9);
INSERT INTO DonhangChitiet (DonhangChitietID, DonhangID, SanphamID, Soluong) VALUES (205, 10325, 31, 4);
INSERT INTO DonhangChitiet (DonhangChitietID, DonhangID, SanphamID, Soluong) VALUES (206, 10325, 72, 40);
INSERT INTO DonhangChitiet (DonhangChitietID, DonhangID, SanphamID, Soluong) VALUES (207, 10326, 4, 24);
INSERT INTO DonhangChitiet (DonhangChitietID, DonhangID, SanphamID, Soluong) VALUES (208, 10326, 57, 16);
INSERT INTO DonhangChitiet (DonhangChitietID, DonhangID, SanphamID, Soluong) VALUES (209, 10326, 75, 50);
INSERT INTO DonhangChitiet (DonhangChitietID, DonhangID, SanphamID, Soluong) VALUES (210, 10327, 2, 25);
INSERT INTO DonhangChitiet (DonhangChitietID, DonhangID, SanphamID, Soluong) VALUES (211, 10327, 11, 50);
INSERT INTO DonhangChitiet (DonhangChitietID, DonhangID, SanphamID, Soluong) VALUES (212, 10327, 30, 35);
INSERT INTO DonhangChitiet (DonhangChitietID, DonhangID, SanphamID, Soluong) VALUES (213, 10327, 58, 30);
INSERT INTO DonhangChitiet (DonhangChitietID, DonhangID, SanphamID, Soluong) VALUES (214, 10328, 59, 9);
INSERT INTO DonhangChitiet (DonhangChitietID, DonhangID, SanphamID, Soluong) VALUES (215, 10328, 65, 40);
INSERT INTO DonhangChitiet (DonhangChitietID, DonhangID, SanphamID, Soluong) VALUES (216, 10328, 68, 10);
INSERT INTO DonhangChitiet (DonhangChitietID, DonhangID, SanphamID, Soluong) VALUES (217, 10329, 19, 10);
INSERT INTO DonhangChitiet (DonhangChitietID, DonhangID, SanphamID, Soluong) VALUES (218, 10329, 30, 8);
INSERT INTO DonhangChitiet (DonhangChitietID, DonhangID, SanphamID, Soluong) VALUES (219, 10329, 38, 20);
INSERT INTO DonhangChitiet (DonhangChitietID, DonhangID, SanphamID, Soluong) VALUES (220, 10329, 56, 12);
INSERT INTO DonhangChitiet (DonhangChitietID, DonhangID, SanphamID, Soluong) VALUES (221, 10330, 26, 50);
INSERT INTO DonhangChitiet (DonhangChitietID, DonhangID, SanphamID, Soluong) VALUES (222, 10330, 72, 25);
INSERT INTO DonhangChitiet (DonhangChitietID, DonhangID, SanphamID, Soluong) VALUES (223, 10331, 54, 15);
INSERT INTO DonhangChitiet (DonhangChitietID, DonhangID, SanphamID, Soluong) VALUES (224, 10332, 18, 40);
INSERT INTO DonhangChitiet (DonhangChitietID, DonhangID, SanphamID, Soluong) VALUES (225, 10332, 42, 10);
INSERT INTO DonhangChitiet (DonhangChitietID, DonhangID, SanphamID, Soluong) VALUES (226, 10332, 47, 16);
INSERT INTO DonhangChitiet (DonhangChitietID, DonhangID, SanphamID, Soluong) VALUES (227, 10333, 14, 10);
INSERT INTO DonhangChitiet (DonhangChitietID, DonhangID, SanphamID, Soluong) VALUES (228, 10333, 21, 10);
INSERT INTO DonhangChitiet (DonhangChitietID, DonhangID, SanphamID, Soluong) VALUES (229, 10333, 71, 40);
INSERT INTO DonhangChitiet (DonhangChitietID, DonhangID, SanphamID, Soluong) VALUES (230, 10334, 52, 8);
INSERT INTO DonhangChitiet (DonhangChitietID, DonhangID, SanphamID, Soluong) VALUES (231, 10334, 68, 10);
INSERT INTO DonhangChitiet (DonhangChitietID, DonhangID, SanphamID, Soluong) VALUES (232, 10335, 2, 7);
INSERT INTO DonhangChitiet (DonhangChitietID, DonhangID, SanphamID, Soluong) VALUES (233, 10335, 31, 25);
INSERT INTO DonhangChitiet (DonhangChitietID, DonhangID, SanphamID, Soluong) VALUES (234, 10335, 32, 6);
INSERT INTO DonhangChitiet (DonhangChitietID, DonhangID, SanphamID, Soluong) VALUES (235, 10335, 51, 48);
INSERT INTO DonhangChitiet (DonhangChitietID, DonhangID, SanphamID, Soluong) VALUES (236, 10336, 4, 18);
INSERT INTO DonhangChitiet (DonhangChitietID, DonhangID, SanphamID, Soluong) VALUES (237, 10337, 23, 40);
INSERT INTO DonhangChitiet (DonhangChitietID, DonhangID, SanphamID, Soluong) VALUES (238, 10337, 26, 24);
INSERT INTO DonhangChitiet (DonhangChitietID, DonhangID, SanphamID, Soluong) VALUES (239, 10337, 36, 20);
INSERT INTO DonhangChitiet (DonhangChitietID, DonhangID, SanphamID, Soluong) VALUES (240, 10337, 37, 28);
INSERT INTO DonhangChitiet (DonhangChitietID, DonhangID, SanphamID, Soluong) VALUES (241, 10337, 72, 25);
INSERT INTO DonhangChitiet (DonhangChitietID, DonhangID, SanphamID, Soluong) VALUES (242, 10338, 17, 20);
INSERT INTO DonhangChitiet (DonhangChitietID, DonhangID, SanphamID, Soluong) VALUES (243, 10338, 30, 15);
INSERT INTO DonhangChitiet (DonhangChitietID, DonhangID, SanphamID, Soluong) VALUES (244, 10339, 4, 10);
INSERT INTO DonhangChitiet (DonhangChitietID, DonhangID, SanphamID, Soluong) VALUES (245, 10339, 17, 70);
INSERT INTO DonhangChitiet (DonhangChitietID, DonhangID, SanphamID, Soluong) VALUES (246, 10339, 62, 28);
INSERT INTO DonhangChitiet (DonhangChitietID, DonhangID, SanphamID, Soluong) VALUES (247, 10340, 18, 20);
INSERT INTO DonhangChitiet (DonhangChitietID, DonhangID, SanphamID, Soluong) VALUES (248, 10340, 41, 12);
INSERT INTO DonhangChitiet (DonhangChitietID, DonhangID, SanphamID, Soluong) VALUES (249, 10340, 43, 40);
INSERT INTO DonhangChitiet (DonhangChitietID, DonhangID, SanphamID, Soluong) VALUES (250, 10341, 33, 8);
INSERT INTO DonhangChitiet (DonhangChitietID, DonhangID, SanphamID, Soluong) VALUES (251, 10341, 59, 9);
INSERT INTO DonhangChitiet (DonhangChitietID, DonhangID, SanphamID, Soluong) VALUES (252, 10342, 2, 24);
INSERT INTO DonhangChitiet (DonhangChitietID, DonhangID, SanphamID, Soluong) VALUES (253, 10342, 31, 56);
INSERT INTO DonhangChitiet (DonhangChitietID, DonhangID, SanphamID, Soluong) VALUES (254, 10342, 36, 40);
INSERT INTO DonhangChitiet (DonhangChitietID, DonhangID, SanphamID, Soluong) VALUES (255, 10342, 55, 40);
INSERT INTO DonhangChitiet (DonhangChitietID, DonhangID, SanphamID, Soluong) VALUES (256, 10343, 64, 50);
INSERT INTO DonhangChitiet (DonhangChitietID, DonhangID, SanphamID, Soluong) VALUES (257, 10343, 68, 4);
INSERT INTO DonhangChitiet (DonhangChitietID, DonhangID, SanphamID, Soluong) VALUES (258, 10343, 76, 15);
INSERT INTO DonhangChitiet (DonhangChitietID, DonhangID, SanphamID, Soluong) VALUES (259, 10344, 4, 35);
INSERT INTO DonhangChitiet (DonhangChitietID, DonhangID, SanphamID, Soluong) VALUES (260, 10344, 8, 70);
INSERT INTO DonhangChitiet (DonhangChitietID, DonhangID, SanphamID, Soluong) VALUES (261, 10345, 8, 70);
INSERT INTO DonhangChitiet (DonhangChitietID, DonhangID, SanphamID, Soluong) VALUES (262, 10345, 19, 80);
INSERT INTO DonhangChitiet (DonhangChitietID, DonhangID, SanphamID, Soluong) VALUES (263, 10345, 42, 9);
INSERT INTO DonhangChitiet (DonhangChitietID, DonhangID, SanphamID, Soluong) VALUES (264, 10346, 17, 36);
INSERT INTO DonhangChitiet (DonhangChitietID, DonhangID, SanphamID, Soluong) VALUES (265, 10346, 56, 20);
INSERT INTO DonhangChitiet (DonhangChitietID, DonhangID, SanphamID, Soluong) VALUES (266, 10347, 25, 10);
INSERT INTO DonhangChitiet (DonhangChitietID, DonhangID, SanphamID, Soluong) VALUES (267, 10347, 39, 50);
INSERT INTO DonhangChitiet (DonhangChitietID, DonhangID, SanphamID, Soluong) VALUES (268, 10347, 40, 4);
INSERT INTO DonhangChitiet (DonhangChitietID, DonhangID, SanphamID, Soluong) VALUES (269, 10347, 75, 6);
INSERT INTO DonhangChitiet (DonhangChitietID, DonhangID, SanphamID, Soluong) VALUES (270, 10348, 1, 15);
INSERT INTO DonhangChitiet (DonhangChitietID, DonhangID, SanphamID, Soluong) VALUES (271, 10348, 23, 25);
INSERT INTO DonhangChitiet (DonhangChitietID, DonhangID, SanphamID, Soluong) VALUES (272, 10349, 54, 24);
INSERT INTO DonhangChitiet (DonhangChitietID, DonhangID, SanphamID, Soluong) VALUES (273, 10350, 50, 15);
INSERT INTO DonhangChitiet (DonhangChitietID, DonhangID, SanphamID, Soluong) VALUES (274, 10350, 69, 18);
INSERT INTO DonhangChitiet (DonhangChitietID, DonhangID, SanphamID, Soluong) VALUES (275, 10351, 38, 20);
INSERT INTO DonhangChitiet (DonhangChitietID, DonhangID, SanphamID, Soluong) VALUES (276, 10351, 41, 13);
INSERT INTO DonhangChitiet (DonhangChitietID, DonhangID, SanphamID, Soluong) VALUES (277, 10351, 44, 77);
INSERT INTO DonhangChitiet (DonhangChitietID, DonhangID, SanphamID, Soluong) VALUES (278, 10351, 65, 10);
INSERT INTO DonhangChitiet (DonhangChitietID, DonhangID, SanphamID, Soluong) VALUES (279, 10352, 24, 10);
INSERT INTO DonhangChitiet (DonhangChitietID, DonhangID, SanphamID, Soluong) VALUES (280, 10352, 54, 20);
INSERT INTO DonhangChitiet (DonhangChitietID, DonhangID, SanphamID, Soluong) VALUES (281, 10353, 11, 12);
INSERT INTO DonhangChitiet (DonhangChitietID, DonhangID, SanphamID, Soluong) VALUES (282, 10353, 38, 50);
INSERT INTO DonhangChitiet (DonhangChitietID, DonhangID, SanphamID, Soluong) VALUES (283, 10354, 1, 12);
INSERT INTO DonhangChitiet (DonhangChitietID, DonhangID, SanphamID, Soluong) VALUES (284, 10354, 29, 4);
INSERT INTO DonhangChitiet (DonhangChitietID, DonhangID, SanphamID, Soluong) VALUES (285, 10355, 24, 25);
INSERT INTO DonhangChitiet (DonhangChitietID, DonhangID, SanphamID, Soluong) VALUES (286, 10355, 57, 25);
INSERT INTO DonhangChitiet (DonhangChitietID, DonhangID, SanphamID, Soluong) VALUES (287, 10356, 31, 30);
INSERT INTO DonhangChitiet (DonhangChitietID, DonhangID, SanphamID, Soluong) VALUES (288, 10356, 55, 12);
INSERT INTO DonhangChitiet (DonhangChitietID, DonhangID, SanphamID, Soluong) VALUES (289, 10356, 69, 20);
INSERT INTO DonhangChitiet (DonhangChitietID, DonhangID, SanphamID, Soluong) VALUES (290, 10357, 10, 30);
INSERT INTO DonhangChitiet (DonhangChitietID, DonhangID, SanphamID, Soluong) VALUES (291, 10357, 26, 16);
INSERT INTO DonhangChitiet (DonhangChitietID, DonhangID, SanphamID, Soluong) VALUES (292, 10357, 60, 8);
INSERT INTO DonhangChitiet (DonhangChitietID, DonhangID, SanphamID, Soluong) VALUES (293, 10358, 24, 10);
INSERT INTO DonhangChitiet (DonhangChitietID, DonhangID, SanphamID, Soluong) VALUES (294, 10358, 34, 10);
INSERT INTO DonhangChitiet (DonhangChitietID, DonhangID, SanphamID, Soluong) VALUES (295, 10358, 36, 20);
INSERT INTO DonhangChitiet (DonhangChitietID, DonhangID, SanphamID, Soluong) VALUES (296, 10359, 16, 56);
INSERT INTO DonhangChitiet (DonhangChitietID, DonhangID, SanphamID, Soluong) VALUES (297, 10359, 31, 70);
INSERT INTO DonhangChitiet (DonhangChitietID, DonhangID, SanphamID, Soluong) VALUES (298, 10359, 60, 80);
INSERT INTO DonhangChitiet (DonhangChitietID, DonhangID, SanphamID, Soluong) VALUES (299, 10360, 28, 30);
INSERT INTO DonhangChitiet (DonhangChitietID, DonhangID, SanphamID, Soluong) VALUES (300, 10360, 29, 35);
INSERT INTO DonhangChitiet (DonhangChitietID, DonhangID, SanphamID, Soluong) VALUES (301, 10360, 38, 10);
INSERT INTO DonhangChitiet (DonhangChitietID, DonhangID, SanphamID, Soluong) VALUES (302, 10360, 49, 35);
INSERT INTO DonhangChitiet (DonhangChitietID, DonhangID, SanphamID, Soluong) VALUES (303, 10360, 54, 28);
INSERT INTO DonhangChitiet (DonhangChitietID, DonhangID, SanphamID, Soluong) VALUES (304, 10361, 39, 54);
INSERT INTO DonhangChitiet (DonhangChitietID, DonhangID, SanphamID, Soluong) VALUES (305, 10361, 60, 55);
INSERT INTO DonhangChitiet (DonhangChitietID, DonhangID, SanphamID, Soluong) VALUES (306, 10362, 25, 50);
INSERT INTO DonhangChitiet (DonhangChitietID, DonhangID, SanphamID, Soluong) VALUES (307, 10362, 51, 20);
INSERT INTO DonhangChitiet (DonhangChitietID, DonhangID, SanphamID, Soluong) VALUES (308, 10362, 54, 24);
INSERT INTO DonhangChitiet (DonhangChitietID, DonhangID, SanphamID, Soluong) VALUES (309, 10363, 31, 20);
INSERT INTO DonhangChitiet (DonhangChitietID, DonhangID, SanphamID, Soluong) VALUES (310, 10363, 75, 12);
INSERT INTO DonhangChitiet (DonhangChitietID, DonhangID, SanphamID, Soluong) VALUES (311, 10363, 76, 12);
INSERT INTO DonhangChitiet (DonhangChitietID, DonhangID, SanphamID, Soluong) VALUES (312, 10364, 69, 30);
INSERT INTO DonhangChitiet (DonhangChitietID, DonhangID, SanphamID, Soluong) VALUES (313, 10364, 71, 5);
INSERT INTO DonhangChitiet (DonhangChitietID, DonhangID, SanphamID, Soluong) VALUES (314, 10365, 11, 24);
INSERT INTO DonhangChitiet (DonhangChitietID, DonhangID, SanphamID, Soluong) VALUES (315, 10366, 65, 5);
INSERT INTO DonhangChitiet (DonhangChitietID, DonhangID, SanphamID, Soluong) VALUES (316, 10366, 77, 5);
INSERT INTO DonhangChitiet (DonhangChitietID, DonhangID, SanphamID, Soluong) VALUES (317, 10367, 34, 36);
INSERT INTO DonhangChitiet (DonhangChitietID, DonhangID, SanphamID, Soluong) VALUES (318, 10367, 54, 18);
INSERT INTO DonhangChitiet (DonhangChitietID, DonhangID, SanphamID, Soluong) VALUES (319, 10367, 65, 15);
INSERT INTO DonhangChitiet (DonhangChitietID, DonhangID, SanphamID, Soluong) VALUES (320, 10367, 77, 7);
INSERT INTO DonhangChitiet (DonhangChitietID, DonhangID, SanphamID, Soluong) VALUES (321, 10368, 21, 5);
INSERT INTO DonhangChitiet (DonhangChitietID, DonhangID, SanphamID, Soluong) VALUES (322, 10368, 28, 13);
INSERT INTO DonhangChitiet (DonhangChitietID, DonhangID, SanphamID, Soluong) VALUES (323, 10368, 57, 25);
INSERT INTO DonhangChitiet (DonhangChitietID, DonhangID, SanphamID, Soluong) VALUES (324, 10368, 64, 35);
INSERT INTO DonhangChitiet (DonhangChitietID, DonhangID, SanphamID, Soluong) VALUES (325, 10369, 29, 20);
INSERT INTO DonhangChitiet (DonhangChitietID, DonhangID, SanphamID, Soluong) VALUES (326, 10369, 56, 18);
INSERT INTO DonhangChitiet (DonhangChitietID, DonhangID, SanphamID, Soluong) VALUES (327, 10370, 1, 15);
INSERT INTO DonhangChitiet (DonhangChitietID, DonhangID, SanphamID, Soluong) VALUES (328, 10370, 64, 30);
INSERT INTO DonhangChitiet (DonhangChitietID, DonhangID, SanphamID, Soluong) VALUES (329, 10370, 74, 20);
INSERT INTO DonhangChitiet (DonhangChitietID, DonhangID, SanphamID, Soluong) VALUES (330, 10371, 36, 6);
INSERT INTO DonhangChitiet (DonhangChitietID, DonhangID, SanphamID, Soluong) VALUES (331, 10372, 20, 12);
INSERT INTO DonhangChitiet (DonhangChitietID, DonhangID, SanphamID, Soluong) VALUES (332, 10372, 38, 40);
INSERT INTO DonhangChitiet (DonhangChitietID, DonhangID, SanphamID, Soluong) VALUES (333, 10372, 60, 70);
INSERT INTO DonhangChitiet (DonhangChitietID, DonhangID, SanphamID, Soluong) VALUES (334, 10372, 72, 42);
INSERT INTO DonhangChitiet (DonhangChitietID, DonhangID, SanphamID, Soluong) VALUES (335, 10373, 58, 80);
INSERT INTO DonhangChitiet (DonhangChitietID, DonhangID, SanphamID, Soluong) VALUES (336, 10373, 71, 50);
INSERT INTO DonhangChitiet (DonhangChitietID, DonhangID, SanphamID, Soluong) VALUES (337, 10374, 31, 30);
INSERT INTO DonhangChitiet (DonhangChitietID, DonhangID, SanphamID, Soluong) VALUES (338, 10374, 58, 15);
INSERT INTO DonhangChitiet (DonhangChitietID, DonhangID, SanphamID, Soluong) VALUES (339, 10375, 14, 15);
INSERT INTO DonhangChitiet (DonhangChitietID, DonhangID, SanphamID, Soluong) VALUES (340, 10375, 54, 10);
INSERT INTO DonhangChitiet (DonhangChitietID, DonhangID, SanphamID, Soluong) VALUES (341, 10376, 31, 42);
INSERT INTO DonhangChitiet (DonhangChitietID, DonhangID, SanphamID, Soluong) VALUES (342, 10377, 28, 20);
INSERT INTO DonhangChitiet (DonhangChitietID, DonhangID, SanphamID, Soluong) VALUES (343, 10377, 39, 20);
INSERT INTO DonhangChitiet (DonhangChitietID, DonhangID, SanphamID, Soluong) VALUES (344, 10378, 71, 6);
INSERT INTO DonhangChitiet (DonhangChitietID, DonhangID, SanphamID, Soluong) VALUES (345, 10379, 41, 8);
INSERT INTO DonhangChitiet (DonhangChitietID, DonhangID, SanphamID, Soluong) VALUES (346, 10379, 63, 16);
INSERT INTO DonhangChitiet (DonhangChitietID, DonhangID, SanphamID, Soluong) VALUES (347, 10379, 65, 20);
INSERT INTO DonhangChitiet (DonhangChitietID, DonhangID, SanphamID, Soluong) VALUES (348, 10380, 30, 18);
INSERT INTO DonhangChitiet (DonhangChitietID, DonhangID, SanphamID, Soluong) VALUES (349, 10380, 53, 20);
INSERT INTO DonhangChitiet (DonhangChitietID, DonhangID, SanphamID, Soluong) VALUES (350, 10380, 60, 6);
INSERT INTO DonhangChitiet (DonhangChitietID, DonhangID, SanphamID, Soluong) VALUES (351, 10380, 70, 30);
INSERT INTO DonhangChitiet (DonhangChitietID, DonhangID, SanphamID, Soluong) VALUES (352, 10381, 74, 14);
INSERT INTO DonhangChitiet (DonhangChitietID, DonhangID, SanphamID, Soluong) VALUES (353, 10382, 5, 32);
INSERT INTO DonhangChitiet (DonhangChitietID, DonhangID, SanphamID, Soluong) VALUES (354, 10382, 18, 9);
INSERT INTO DonhangChitiet (DonhangChitietID, DonhangID, SanphamID, Soluong) VALUES (355, 10382, 29, 14);
INSERT INTO DonhangChitiet (DonhangChitietID, DonhangID, SanphamID, Soluong) VALUES (356, 10382, 33, 60);
INSERT INTO DonhangChitiet (DonhangChitietID, DonhangID, SanphamID, Soluong) VALUES (357, 10382, 74, 50);
INSERT INTO DonhangChitiet (DonhangChitietID, DonhangID, SanphamID, Soluong) VALUES (358, 10383, 13, 20);
INSERT INTO DonhangChitiet (DonhangChitietID, DonhangID, SanphamID, Soluong) VALUES (359, 10383, 50, 15);
INSERT INTO DonhangChitiet (DonhangChitietID, DonhangID, SanphamID, Soluong) VALUES (360, 10383, 56, 20);
INSERT INTO DonhangChitiet (DonhangChitietID, DonhangID, SanphamID, Soluong) VALUES (361, 10384, 20, 28);
INSERT INTO DonhangChitiet (DonhangChitietID, DonhangID, SanphamID, Soluong) VALUES (362, 10384, 60, 15);
INSERT INTO DonhangChitiet (DonhangChitietID, DonhangID, SanphamID, Soluong) VALUES (363, 10385, 7, 10);
INSERT INTO DonhangChitiet (DonhangChitietID, DonhangID, SanphamID, Soluong) VALUES (364, 10385, 60, 20);
INSERT INTO DonhangChitiet (DonhangChitietID, DonhangID, SanphamID, Soluong) VALUES (365, 10385, 68, 8);
INSERT INTO DonhangChitiet (DonhangChitietID, DonhangID, SanphamID, Soluong) VALUES (366, 10386, 24, 15);
INSERT INTO DonhangChitiet (DonhangChitietID, DonhangID, SanphamID, Soluong) VALUES (367, 10386, 34, 10);
INSERT INTO DonhangChitiet (DonhangChitietID, DonhangID, SanphamID, Soluong) VALUES (368, 10387, 24, 15);
INSERT INTO DonhangChitiet (DonhangChitietID, DonhangID, SanphamID, Soluong) VALUES (369, 10387, 28, 6);
INSERT INTO DonhangChitiet (DonhangChitietID, DonhangID, SanphamID, Soluong) VALUES (370, 10387, 59, 12);
INSERT INTO DonhangChitiet (DonhangChitietID, DonhangID, SanphamID, Soluong) VALUES (371, 10387, 71, 15);
INSERT INTO DonhangChitiet (DonhangChitietID, DonhangID, SanphamID, Soluong) VALUES (372, 10388, 45, 15);
INSERT INTO DonhangChitiet (DonhangChitietID, DonhangID, SanphamID, Soluong) VALUES (373, 10388, 52, 20);
INSERT INTO DonhangChitiet (DonhangChitietID, DonhangID, SanphamID, Soluong) VALUES (374, 10388, 53, 40);
INSERT INTO DonhangChitiet (DonhangChitietID, DonhangID, SanphamID, Soluong) VALUES (375, 10389, 10, 16);
INSERT INTO DonhangChitiet (DonhangChitietID, DonhangID, SanphamID, Soluong) VALUES (376, 10389, 55, 15);
INSERT INTO DonhangChitiet (DonhangChitietID, DonhangID, SanphamID, Soluong) VALUES (377, 10389, 62, 20);
INSERT INTO DonhangChitiet (DonhangChitietID, DonhangID, SanphamID, Soluong) VALUES (378, 10389, 70, 30);
INSERT INTO DonhangChitiet (DonhangChitietID, DonhangID, SanphamID, Soluong) VALUES (379, 10390, 31, 60);
INSERT INTO DonhangChitiet (DonhangChitietID, DonhangID, SanphamID, Soluong) VALUES (380, 10390, 35, 40);
INSERT INTO DonhangChitiet (DonhangChitietID, DonhangID, SanphamID, Soluong) VALUES (381, 10390, 46, 45);
INSERT INTO DonhangChitiet (DonhangChitietID, DonhangID, SanphamID, Soluong) VALUES (382, 10390, 72, 24);
INSERT INTO DonhangChitiet (DonhangChitietID, DonhangID, SanphamID, Soluong) VALUES (383, 10391, 13, 18);
INSERT INTO DonhangChitiet (DonhangChitietID, DonhangID, SanphamID, Soluong) VALUES (384, 10392, 69, 50);
INSERT INTO DonhangChitiet (DonhangChitietID, DonhangID, SanphamID, Soluong) VALUES (385, 10393, 2, 25);
INSERT INTO DonhangChitiet (DonhangChitietID, DonhangID, SanphamID, Soluong) VALUES (386, 10393, 14, 42);
INSERT INTO DonhangChitiet (DonhangChitietID, DonhangID, SanphamID, Soluong) VALUES (387, 10393, 25, 7);
INSERT INTO DonhangChitiet (DonhangChitietID, DonhangID, SanphamID, Soluong) VALUES (388, 10393, 26, 70);
INSERT INTO DonhangChitiet (DonhangChitietID, DonhangID, SanphamID, Soluong) VALUES (389, 10393, 31, 32);
INSERT INTO DonhangChitiet (DonhangChitietID, DonhangID, SanphamID, Soluong) VALUES (390, 10394, 13, 10);
INSERT INTO DonhangChitiet (DonhangChitietID, DonhangID, SanphamID, Soluong) VALUES (391, 10394, 62, 10);
INSERT INTO DonhangChitiet (DonhangChitietID, DonhangID, SanphamID, Soluong) VALUES (392, 10395, 46, 28);
INSERT INTO DonhangChitiet (DonhangChitietID, DonhangID, SanphamID, Soluong) VALUES (393, 10395, 53, 70);
INSERT INTO DonhangChitiet (DonhangChitietID, DonhangID, SanphamID, Soluong) VALUES (394, 10395, 69, 8);
INSERT INTO DonhangChitiet (DonhangChitietID, DonhangID, SanphamID, Soluong) VALUES (395, 10396, 23, 40);
INSERT INTO DonhangChitiet (DonhangChitietID, DonhangID, SanphamID, Soluong) VALUES (396, 10396, 71, 60);
INSERT INTO DonhangChitiet (DonhangChitietID, DonhangID, SanphamID, Soluong) VALUES (397, 10396, 72, 21);
INSERT INTO DonhangChitiet (DonhangChitietID, DonhangID, SanphamID, Soluong) VALUES (398, 10397, 21, 10);
INSERT INTO DonhangChitiet (DonhangChitietID, DonhangID, SanphamID, Soluong) VALUES (399, 10397, 51, 18);
INSERT INTO DonhangChitiet (DonhangChitietID, DonhangID, SanphamID, Soluong) VALUES (400, 10398, 35, 30);
INSERT INTO DonhangChitiet (DonhangChitietID, DonhangID, SanphamID, Soluong) VALUES (401, 10398, 55, 120);
INSERT INTO DonhangChitiet (DonhangChitietID, DonhangID, SanphamID, Soluong) VALUES (402, 10399, 68, 60);
INSERT INTO DonhangChitiet (DonhangChitietID, DonhangID, SanphamID, Soluong) VALUES (403, 10399, 71, 30);
INSERT INTO DonhangChitiet (DonhangChitietID, DonhangID, SanphamID, Soluong) VALUES (404, 10399, 76, 35);
INSERT INTO DonhangChitiet (DonhangChitietID, DonhangID, SanphamID, Soluong) VALUES (405, 10399, 77, 14);
INSERT INTO DonhangChitiet (DonhangChitietID, DonhangID, SanphamID, Soluong) VALUES (406, 10400, 29, 21);
INSERT INTO DonhangChitiet (DonhangChitietID, DonhangID, SanphamID, Soluong) VALUES (407, 10400, 35, 35);
INSERT INTO DonhangChitiet (DonhangChitietID, DonhangID, SanphamID, Soluong) VALUES (408, 10400, 49, 30);
INSERT INTO DonhangChitiet (DonhangChitietID, DonhangID, SanphamID, Soluong) VALUES (409, 10401, 30, 18);
INSERT INTO DonhangChitiet (DonhangChitietID, DonhangID, SanphamID, Soluong) VALUES (410, 10401, 56, 70);
INSERT INTO DonhangChitiet (DonhangChitietID, DonhangID, SanphamID, Soluong) VALUES (411, 10401, 65, 20);
INSERT INTO DonhangChitiet (DonhangChitietID, DonhangID, SanphamID, Soluong) VALUES (412, 10401, 71, 60);
INSERT INTO DonhangChitiet (DonhangChitietID, DonhangID, SanphamID, Soluong) VALUES (413, 10402, 23, 60);
INSERT INTO DonhangChitiet (DonhangChitietID, DonhangID, SanphamID, Soluong) VALUES (414, 10402, 63, 65);
INSERT INTO DonhangChitiet (DonhangChitietID, DonhangID, SanphamID, Soluong) VALUES (415, 10403, 16, 21);
INSERT INTO DonhangChitiet (DonhangChitietID, DonhangID, SanphamID, Soluong) VALUES (416, 10403, 48, 70);
INSERT INTO DonhangChitiet (DonhangChitietID, DonhangID, SanphamID, Soluong) VALUES (417, 10404, 26, 30);
INSERT INTO DonhangChitiet (DonhangChitietID, DonhangID, SanphamID, Soluong) VALUES (418, 10404, 42, 40);
INSERT INTO DonhangChitiet (DonhangChitietID, DonhangID, SanphamID, Soluong) VALUES (419, 10404, 49, 30);
INSERT INTO DonhangChitiet (DonhangChitietID, DonhangID, SanphamID, Soluong) VALUES (420, 10405, 3, 50);
INSERT INTO DonhangChitiet (DonhangChitietID, DonhangID, SanphamID, Soluong) VALUES (421, 10406, 1, 10);
INSERT INTO DonhangChitiet (DonhangChitietID, DonhangID, SanphamID, Soluong) VALUES (422, 10406, 21, 30);
INSERT INTO DonhangChitiet (DonhangChitietID, DonhangID, SanphamID, Soluong) VALUES (423, 10406, 28, 42);
INSERT INTO DonhangChitiet (DonhangChitietID, DonhangID, SanphamID, Soluong) VALUES (424, 10406, 36, 5);
INSERT INTO DonhangChitiet (DonhangChitietID, DonhangID, SanphamID, Soluong) VALUES (425, 10406, 40, 2);
INSERT INTO DonhangChitiet (DonhangChitietID, DonhangID, SanphamID, Soluong) VALUES (426, 10407, 11, 30);
INSERT INTO DonhangChitiet (DonhangChitietID, DonhangID, SanphamID, Soluong) VALUES (427, 10407, 69, 15);
INSERT INTO DonhangChitiet (DonhangChitietID, DonhangID, SanphamID, Soluong) VALUES (428, 10407, 71, 15);
INSERT INTO DonhangChitiet (DonhangChitietID, DonhangID, SanphamID, Soluong) VALUES (429, 10408, 37, 10);
INSERT INTO DonhangChitiet (DonhangChitietID, DonhangID, SanphamID, Soluong) VALUES (430, 10408, 54, 6);
INSERT INTO DonhangChitiet (DonhangChitietID, DonhangID, SanphamID, Soluong) VALUES (431, 10408, 62, 35);
INSERT INTO DonhangChitiet (DonhangChitietID, DonhangID, SanphamID, Soluong) VALUES (432, 10409, 14, 12);
INSERT INTO DonhangChitiet (DonhangChitietID, DonhangID, SanphamID, Soluong) VALUES (433, 10409, 21, 12);
INSERT INTO DonhangChitiet (DonhangChitietID, DonhangID, SanphamID, Soluong) VALUES (434, 10410, 33, 49);
INSERT INTO DonhangChitiet (DonhangChitietID, DonhangID, SanphamID, Soluong) VALUES (435, 10410, 59, 16);
INSERT INTO DonhangChitiet (DonhangChitietID, DonhangID, SanphamID, Soluong) VALUES (436, 10411, 41, 25);
INSERT INTO DonhangChitiet (DonhangChitietID, DonhangID, SanphamID, Soluong) VALUES (437, 10411, 44, 40);
INSERT INTO DonhangChitiet (DonhangChitietID, DonhangID, SanphamID, Soluong) VALUES (438, 10411, 59, 9);
INSERT INTO DonhangChitiet (DonhangChitietID, DonhangID, SanphamID, Soluong) VALUES (439, 10412, 14, 20);
INSERT INTO DonhangChitiet (DonhangChitietID, DonhangID, SanphamID, Soluong) VALUES (440, 10413, 1, 24);
INSERT INTO DonhangChitiet (DonhangChitietID, DonhangID, SanphamID, Soluong) VALUES (441, 10413, 62, 40);
INSERT INTO DonhangChitiet (DonhangChitietID, DonhangID, SanphamID, Soluong) VALUES (442, 10413, 76, 14);
INSERT INTO DonhangChitiet (DonhangChitietID, DonhangID, SanphamID, Soluong) VALUES (443, 10414, 19, 18);
INSERT INTO DonhangChitiet (DonhangChitietID, DonhangID, SanphamID, Soluong) VALUES (444, 10414, 33, 50);
INSERT INTO DonhangChitiet (DonhangChitietID, DonhangID, SanphamID, Soluong) VALUES (445, 10415, 17, 2);
INSERT INTO DonhangChitiet (DonhangChitietID, DonhangID, SanphamID, Soluong) VALUES (446, 10415, 33, 20);
INSERT INTO DonhangChitiet (DonhangChitietID, DonhangID, SanphamID, Soluong) VALUES (447, 10416, 19, 20);
INSERT INTO DonhangChitiet (DonhangChitietID, DonhangID, SanphamID, Soluong) VALUES (448, 10416, 53, 10);
INSERT INTO DonhangChitiet (DonhangChitietID, DonhangID, SanphamID, Soluong) VALUES (449, 10416, 57, 20);
INSERT INTO DonhangChitiet (DonhangChitietID, DonhangID, SanphamID, Soluong) VALUES (450, 10417, 38, 50);
INSERT INTO DonhangChitiet (DonhangChitietID, DonhangID, SanphamID, Soluong) VALUES (451, 10417, 46, 2);
INSERT INTO DonhangChitiet (DonhangChitietID, DonhangID, SanphamID, Soluong) VALUES (452, 10417, 68, 36);
INSERT INTO DonhangChitiet (DonhangChitietID, DonhangID, SanphamID, Soluong) VALUES (453, 10417, 77, 35);
INSERT INTO DonhangChitiet (DonhangChitietID, DonhangID, SanphamID, Soluong) VALUES (454, 10418, 2, 60);
INSERT INTO DonhangChitiet (DonhangChitietID, DonhangID, SanphamID, Soluong) VALUES (455, 10418, 47, 55);
INSERT INTO DonhangChitiet (DonhangChitietID, DonhangID, SanphamID, Soluong) VALUES (456, 10418, 61, 16);
INSERT INTO DonhangChitiet (DonhangChitietID, DonhangID, SanphamID, Soluong) VALUES (457, 10418, 74, 15);
INSERT INTO DonhangChitiet (DonhangChitietID, DonhangID, SanphamID, Soluong) VALUES (458, 10419, 60, 60);
INSERT INTO DonhangChitiet (DonhangChitietID, DonhangID, SanphamID, Soluong) VALUES (459, 10419, 69, 20);
INSERT INTO DonhangChitiet (DonhangChitietID, DonhangID, SanphamID, Soluong) VALUES (460, 10420, 9, 20);
INSERT INTO DonhangChitiet (DonhangChitietID, DonhangID, SanphamID, Soluong) VALUES (461, 10420, 13, 2);
INSERT INTO DonhangChitiet (DonhangChitietID, DonhangID, SanphamID, Soluong) VALUES (462, 10420, 70, 8);
INSERT INTO DonhangChitiet (DonhangChitietID, DonhangID, SanphamID, Soluong) VALUES (463, 10420, 73, 20);
INSERT INTO DonhangChitiet (DonhangChitietID, DonhangID, SanphamID, Soluong) VALUES (464, 10421, 19, 4);
INSERT INTO DonhangChitiet (DonhangChitietID, DonhangID, SanphamID, Soluong) VALUES (465, 10421, 26, 30);
INSERT INTO DonhangChitiet (DonhangChitietID, DonhangID, SanphamID, Soluong) VALUES (466, 10421, 53, 15);
INSERT INTO DonhangChitiet (DonhangChitietID, DonhangID, SanphamID, Soluong) VALUES (467, 10421, 77, 10);
INSERT INTO DonhangChitiet (DonhangChitietID, DonhangID, SanphamID, Soluong) VALUES (468, 10422, 26, 2);
INSERT INTO DonhangChitiet (DonhangChitietID, DonhangID, SanphamID, Soluong) VALUES (469, 10423, 31, 14);
INSERT INTO DonhangChitiet (DonhangChitietID, DonhangID, SanphamID, Soluong) VALUES (470, 10423, 59, 20);
INSERT INTO DonhangChitiet (DonhangChitietID, DonhangID, SanphamID, Soluong) VALUES (471, 10424, 35, 60);
INSERT INTO DonhangChitiet (DonhangChitietID, DonhangID, SanphamID, Soluong) VALUES (472, 10424, 38, 49);
INSERT INTO DonhangChitiet (DonhangChitietID, DonhangID, SanphamID, Soluong) VALUES (473, 10424, 68, 30);
INSERT INTO DonhangChitiet (DonhangChitietID, DonhangID, SanphamID, Soluong) VALUES (474, 10425, 55, 10);
INSERT INTO DonhangChitiet (DonhangChitietID, DonhangID, SanphamID, Soluong) VALUES (475, 10425, 76, 20);
INSERT INTO DonhangChitiet (DonhangChitietID, DonhangID, SanphamID, Soluong) VALUES (476, 10426, 56, 5);
INSERT INTO DonhangChitiet (DonhangChitietID, DonhangID, SanphamID, Soluong) VALUES (477, 10426, 64, 7);
INSERT INTO DonhangChitiet (DonhangChitietID, DonhangID, SanphamID, Soluong) VALUES (478, 10427, 14, 35);
INSERT INTO DonhangChitiet (DonhangChitietID, DonhangID, SanphamID, Soluong) VALUES (479, 10428, 46, 20);
INSERT INTO DonhangChitiet (DonhangChitietID, DonhangID, SanphamID, Soluong) VALUES (480, 10429, 50, 40);
INSERT INTO DonhangChitiet (DonhangChitietID, DonhangID, SanphamID, Soluong) VALUES (481, 10429, 63, 35);
INSERT INTO DonhangChitiet (DonhangChitietID, DonhangID, SanphamID, Soluong) VALUES (482, 10430, 17, 45);
INSERT INTO DonhangChitiet (DonhangChitietID, DonhangID, SanphamID, Soluong) VALUES (483, 10430, 21, 50);
INSERT INTO DonhangChitiet (DonhangChitietID, DonhangID, SanphamID, Soluong) VALUES (484, 10430, 56, 30);
INSERT INTO DonhangChitiet (DonhangChitietID, DonhangID, SanphamID, Soluong) VALUES (485, 10430, 59, 70);
INSERT INTO DonhangChitiet (DonhangChitietID, DonhangID, SanphamID, Soluong) VALUES (486, 10431, 17, 50);
INSERT INTO DonhangChitiet (DonhangChitietID, DonhangID, SanphamID, Soluong) VALUES (487, 10431, 40, 50);
INSERT INTO DonhangChitiet (DonhangChitietID, DonhangID, SanphamID, Soluong) VALUES (488, 10431, 47, 30);
INSERT INTO DonhangChitiet (DonhangChitietID, DonhangID, SanphamID, Soluong) VALUES (489, 10432, 26, 10);
INSERT INTO DonhangChitiet (DonhangChitietID, DonhangID, SanphamID, Soluong) VALUES (490, 10432, 54, 40);
INSERT INTO DonhangChitiet (DonhangChitietID, DonhangID, SanphamID, Soluong) VALUES (491, 10433, 56, 28);
INSERT INTO DonhangChitiet (DonhangChitietID, DonhangID, SanphamID, Soluong) VALUES (492, 10434, 11, 6);
INSERT INTO DonhangChitiet (DonhangChitietID, DonhangID, SanphamID, Soluong) VALUES (493, 10434, 76, 18);
INSERT INTO DonhangChitiet (DonhangChitietID, DonhangID, SanphamID, Soluong) VALUES (494, 10435, 2, 10);
INSERT INTO DonhangChitiet (DonhangChitietID, DonhangID, SanphamID, Soluong) VALUES (495, 10435, 22, 12);
INSERT INTO DonhangChitiet (DonhangChitietID, DonhangID, SanphamID, Soluong) VALUES (496, 10435, 72, 10);
INSERT INTO DonhangChitiet (DonhangChitietID, DonhangID, SanphamID, Soluong) VALUES (497, 10436, 46, 5);
INSERT INTO DonhangChitiet (DonhangChitietID, DonhangID, SanphamID, Soluong) VALUES (498, 10436, 56, 40);
INSERT INTO DonhangChitiet (DonhangChitietID, DonhangID, SanphamID, Soluong) VALUES (499, 10436, 64, 30);
INSERT INTO DonhangChitiet (DonhangChitietID, DonhangID, SanphamID, Soluong) VALUES (500, 10436, 75, 24);
INSERT INTO DonhangChitiet (DonhangChitietID, DonhangID, SanphamID, Soluong) VALUES (501, 10437, 53, 15);
INSERT INTO DonhangChitiet (DonhangChitietID, DonhangID, SanphamID, Soluong) VALUES (502, 10438, 19, 15);
INSERT INTO DonhangChitiet (DonhangChitietID, DonhangID, SanphamID, Soluong) VALUES (503, 10438, 34, 20);
INSERT INTO DonhangChitiet (DonhangChitietID, DonhangID, SanphamID, Soluong) VALUES (504, 10438, 57, 15);
INSERT INTO DonhangChitiet (DonhangChitietID, DonhangID, SanphamID, Soluong) VALUES (505, 10439, 12, 15);
INSERT INTO DonhangChitiet (DonhangChitietID, DonhangID, SanphamID, Soluong) VALUES (506, 10439, 16, 16);
INSERT INTO DonhangChitiet (DonhangChitietID, DonhangID, SanphamID, Soluong) VALUES (507, 10439, 64, 6);
INSERT INTO DonhangChitiet (DonhangChitietID, DonhangID, SanphamID, Soluong) VALUES (508, 10439, 74, 30);
INSERT INTO DonhangChitiet (DonhangChitietID, DonhangID, SanphamID, Soluong) VALUES (509, 10440, 2, 45);
INSERT INTO DonhangChitiet (DonhangChitietID, DonhangID, SanphamID, Soluong) VALUES (510, 10440, 16, 49);
INSERT INTO DonhangChitiet (DonhangChitietID, DonhangID, SanphamID, Soluong) VALUES (511, 10440, 29, 24);
INSERT INTO DonhangChitiet (DonhangChitietID, DonhangID, SanphamID, Soluong) VALUES (512, 10440, 61, 90);
INSERT INTO DonhangChitiet (DonhangChitietID, DonhangID, SanphamID, Soluong) VALUES (513, 10441, 27, 50);
INSERT INTO DonhangChitiet (DonhangChitietID, DonhangID, SanphamID, Soluong) VALUES (514, 10442, 11, 30);
INSERT INTO DonhangChitiet (DonhangChitietID, DonhangID, SanphamID, Soluong) VALUES (515, 10442, 54, 80);
INSERT INTO DonhangChitiet (DonhangChitietID, DonhangID, SanphamID, Soluong) VALUES (516, 10442, 66, 60);
INSERT INTO DonhangChitiet (DonhangChitietID, DonhangID, SanphamID, Soluong) VALUES (517, 10443, 11, 6);
INSERT INTO DonhangChitiet (DonhangChitietID, DonhangID, SanphamID, Soluong) VALUES (518, 10443, 28, 12);
SET IDENTITY_INSERT DonhangChitiet OFF


-- Table: Khachhang
SET IDENTITY_INSERT Khachhang ON
INSERT INTO Khachhang (KhachhangID, HoTen, TenLienLac, Diachi, Thanhpho, MaBuudien, QuocGia) VALUES (1, N'Đặng Tuấn Anh', N'Đặng Tuấn Anh', N'nkhbiq Bà Rịa - Vũng Tàu', N'Bà Rịa - Vũng Tàu', N'222', N'Đức');
INSERT INTO Khachhang (KhachhangID, HoTen, TenLienLac, Diachi, Thanhpho, MaBuudien, QuocGia) VALUES (2, N'Hoàng Đức Anh', N'Hoàng Đức Anh', N'u Kiên Giang', N'Kiên Giang', N'100', N'Đức');
INSERT INTO Khachhang (KhachhangID, HoTen, TenLienLac, Diachi, Thanhpho, MaBuudien, QuocGia) VALUES (3, N'Lưu Trang Anh', N'Lưu Trang Anh', N'h Gia Lai', N'Gia Lai', N'222', N'Mỹ');
INSERT INTO Khachhang (KhachhangID, HoTen, TenLienLac, Diachi, Thanhpho, MaBuudien, QuocGia) VALUES (4, N'Phạm Hoàng Anh', N'Phạm Hoàng Anh', N'bo Sơn La', N'Sơn La', N'100', N'Việt Nam');
INSERT INTO Khachhang (KhachhangID, HoTen, TenLienLac, Diachi, Thanhpho, MaBuudien, QuocGia) VALUES (5, N'Đỗ Hoàng Gia Bảo', N'Đỗ Hoàng Gia Bảo', N'dpbzwnf ﻿An Giang', N'An Giang', N'100', N'Việt Nam');
INSERT INTO Khachhang (KhachhangID, HoTen, TenLienLac, Diachi, Thanhpho, MaBuudien, QuocGia) VALUES (6, N'Trần Thị Minh Châu', N'Trần Thị Minh Châu', N'sizxey Hưng Yên', N'Hưng Yên', N'100', N'Việt Nam');
INSERT INTO Khachhang (KhachhangID, HoTen, TenLienLac, Diachi, Thanhpho, MaBuudien, QuocGia) VALUES (7, N'Tăng Phương Chi', N'Tăng Phương Chi', N'g Hải Dương', N'Hải Dương', N'888', N'Mỹ');
INSERT INTO Khachhang (KhachhangID, HoTen, TenLienLac, Diachi, Thanhpho, MaBuudien, QuocGia) VALUES (8, N'Phạm Tiến Dũng', N'Phạm Tiến Dũng', N'isbk Nghệ An', N'Nghệ An', N'666', N'Việt Nam');
INSERT INTO Khachhang (KhachhangID, HoTen, TenLienLac, Diachi, Thanhpho, MaBuudien, QuocGia) VALUES (9, N'Nguyễn Thái Dương', N'Nguyễn Thái Dương', N'mnn Bạc Liêu', N'Bạc Liêu', N'222', N'Mỹ');
INSERT INTO Khachhang (KhachhangID, HoTen, TenLienLac, Diachi, Thanhpho, MaBuudien, QuocGia) VALUES (10, N'Trần An Dương', N'Trần An Dương', N'kh Lâm Đồng', N'Lâm Đồng', N'100', N'Việt Nam');
INSERT INTO Khachhang (KhachhangID, HoTen, TenLienLac, Diachi, Thanhpho, MaBuudien, QuocGia) VALUES (11, N'Mạc Trung Đức', N'Mạc Trung Đức', N'ivwfcu Đồng Nai', N'Đồng Nai', N'500', N'Việt Nam');
INSERT INTO Khachhang (KhachhangID, HoTen, TenLienLac, Diachi, Thanhpho, MaBuudien, QuocGia) VALUES (12, N'Vũ Hương Giang', N'Vũ Hương Giang', N'lz Hà Tĩnh', N'Hà Tĩnh', N'777', N'Đức');
INSERT INTO Khachhang (KhachhangID, HoTen, TenLienLac, Diachi, Thanhpho, MaBuudien, QuocGia) VALUES (13, N'Nguyễn Thị Ngân Hà', N'Nguyễn Thị Ngân Hà', N'uklfrhrq Vĩnh Long', N'Vĩnh Long', N'100', N'Anh');
INSERT INTO Khachhang (KhachhangID, HoTen, TenLienLac, Diachi, Thanhpho, MaBuudien, QuocGia) VALUES (14, N'Nguyễn Lê Hiếu', N'Nguyễn Lê Hiếu', N'giwumbyj Bình Thuận', N'Bình Thuận', N'999', N'Ý');
INSERT INTO Khachhang (KhachhangID, HoTen, TenLienLac, Diachi, Thanhpho, MaBuudien, QuocGia) VALUES (15, N'Nguyễn Lê Hiếu', N'Nguyễn Lê Hiếu', N'ffc Cà Mau', N'Cà Mau', N'100', N'Anh');
INSERT INTO Khachhang (KhachhangID, HoTen, TenLienLac, Diachi, Thanhpho, MaBuudien, QuocGia) VALUES (16, N'Phạm Xuân Hòa', N'Phạm Xuân Hòa', N'nfxh Lào Cai', N'Lào Cai', N'222', N'Mỹ');
INSERT INTO Khachhang (KhachhangID, HoTen, TenLienLac, Diachi, Thanhpho, MaBuudien, QuocGia) VALUES (17, N'Họ và tên học sinh', N'Họ và tên học sinh', N'yxtniqbt Khánh Hòa', N'Khánh Hòa', N'100', N'Việt Nam');
INSERT INTO Khachhang (KhachhangID, HoTen, TenLienLac, Diachi, Thanhpho, MaBuudien, QuocGia) VALUES (18, N'Nguyễn Hùng Anh', N'Nguyễn Hùng Anh', N'd Đắk Lắk', N'Đắk Lắk', N'200', N'Đức');
INSERT INTO Khachhang (KhachhangID, HoTen, TenLienLac, Diachi, Thanhpho, MaBuudien, QuocGia) VALUES (19, N'Nguyễn Ngọc Anh', N'Nguyễn Ngọc Anh', N'zsb Bình Dương', N'Bình Dương', N'777', N'Đức');
INSERT INTO Khachhang (KhachhangID, HoTen, TenLienLac, Diachi, Thanhpho, MaBuudien, QuocGia) VALUES (20, N'Mai Tùng Bách', N'Mai Tùng Bách', N'fxrtrx Đồng Tháp', N'Đồng Tháp', N'100', N'Đức');
INSERT INTO Khachhang (KhachhangID, HoTen, TenLienLac, Diachi, Thanhpho, MaBuudien, QuocGia) VALUES (21, N'Nguyễn Trần Bình', N'Nguyễn Trần Bình', N'b Thừa Thiên Huế', N'Thừa Thiên Huế', N'666', N'Việt Nam');
INSERT INTO Khachhang (KhachhangID, HoTen, TenLienLac, Diachi, Thanhpho, MaBuudien, QuocGia) VALUES (22, N'Vũ Điệp Chi', N'Vũ Điệp Chi', N'cchw Cà Mau', N'Cà Mau', N'200', N'Đức');
INSERT INTO Khachhang (KhachhangID, HoTen, TenLienLac, Diachi, Thanhpho, MaBuudien, QuocGia) VALUES (23, N'Phạm Văn Đạt', N'Phạm Văn Đạt', N'ij Nam Định', N'Nam Định', N'455', N'Anh');
INSERT INTO Khachhang (KhachhangID, HoTen, TenLienLac, Diachi, Thanhpho, MaBuudien, QuocGia) VALUES (24, N'Hoàng An Đông', N'Hoàng An Đông', N'b Lâm Đồng', N'Lâm Đồng', N'222', N'Anh');
INSERT INTO Khachhang (KhachhangID, HoTen, TenLienLac, Diachi, Thanhpho, MaBuudien, QuocGia) VALUES (25, N'Vũ Trung Đức', N'Vũ Trung Đức', N'bvny Cao Bằng', N'Cao Bằng', N'300', N'Mỹ');
INSERT INTO Khachhang (KhachhangID, HoTen, TenLienLac, Diachi, Thanhpho, MaBuudien, QuocGia) VALUES (26, N'Phí Vũ Trí Đức', N'Phí Vũ Trí Đức', N'jfmmxqhk Tây Ninh', N'Tây Ninh', N'222', N'Đức');
INSERT INTO Khachhang (KhachhangID, HoTen, TenLienLac, Diachi, Thanhpho, MaBuudien, QuocGia) VALUES (27, N'Đặng Gia Hân', N'Đặng Gia Hân', N'lgomcta Bắc Kạn', N'Bắc Kạn', N'222', N'Ý');
INSERT INTO Khachhang (KhachhangID, HoTen, TenLienLac, Diachi, Thanhpho, MaBuudien, QuocGia) VALUES (28, N'Lưu Ngọc Hiền', N'Lưu Ngọc Hiền', N'gxjdbeiy Hà Giang', N'Hà Giang', N'222', N'Ý');
INSERT INTO Khachhang (KhachhangID, HoTen, TenLienLac, Diachi, Thanhpho, MaBuudien, QuocGia) VALUES (29, N'Phạm Ngọc Hiếu', N'Phạm Ngọc Hiếu', N'uz Sóc Trăng', N'Sóc Trăng', N'500', N'Anh');
INSERT INTO Khachhang (KhachhangID, HoTen, TenLienLac, Diachi, Thanhpho, MaBuudien, QuocGia) VALUES (30, N'Phạm Sỹ Hiếu', N'Phạm Sỹ Hiếu', N'f Quảng Ninh', N'Quảng Ninh', N'300', N'Mỹ');
INSERT INTO Khachhang (KhachhangID, HoTen, TenLienLac, Diachi, Thanhpho, MaBuudien, QuocGia) VALUES (31, N'Phạm Phương Hoa', N'Phạm Phương Hoa', N'fddehn Quảng Trị', N'Quảng Trị', N'500', N'Ý');
INSERT INTO Khachhang (KhachhangID, HoTen, TenLienLac, Diachi, Thanhpho, MaBuudien, QuocGia) VALUES (32, N'Vũ Đức Huy', N'Vũ Đức Huy', N'pjchwptz Bình Thuận', N'Bình Thuận', N'100', N'Việt Nam');
INSERT INTO Khachhang (KhachhangID, HoTen, TenLienLac, Diachi, Thanhpho, MaBuudien, QuocGia) VALUES (33, N'Vũ Thanh Huyền', N'Vũ Thanh Huyền', N'hkfqpjnc Hà Giang', N'Hà Giang', N'455', N'Anh');
INSERT INTO Khachhang (KhachhangID, HoTen, TenLienLac, Diachi, Thanhpho, MaBuudien, QuocGia) VALUES (34, N'Phạm Thu Huyền', N'Phạm Thu Huyền', N'k Quảng Ngãi', N'Quảng Ngãi', N'200', N'Đức');
INSERT INTO Khachhang (KhachhangID, HoTen, TenLienLac, Diachi, Thanhpho, MaBuudien, QuocGia) VALUES (35, N'Nguyễn Tuấn Hưng', N'Nguyễn Tuấn Hưng', N'clroobs Thái Nguyên', N'Thái Nguyên', N'222', N'Ý');
INSERT INTO Khachhang (KhachhangID, HoTen, TenLienLac, Diachi, Thanhpho, MaBuudien, QuocGia) VALUES (36, N'Trần Đức Hưng', N'Trần Đức Hưng', N'tdhkypf Hậu Giang', N'Hậu Giang', N'999', N'Ý');
INSERT INTO Khachhang (KhachhangID, HoTen, TenLienLac, Diachi, Thanhpho, MaBuudien, QuocGia) VALUES (37, N'Nguyễn Tiến Hưng', N'Nguyễn Tiến Hưng', N'tfnduv Tiền Giang', N'Tiền Giang', N'777', N'Đức');
INSERT INTO Khachhang (KhachhangID, HoTen, TenLienLac, Diachi, Thanhpho, MaBuudien, QuocGia) VALUES (38, N'Lê Nguyễn Diệu Hương', N'Lê Nguyễn Diệu Hương', N'mql Hòa Bình', N'Hòa Bình', N'888', N'Ý');
INSERT INTO Khachhang (KhachhangID, HoTen, TenLienLac, Diachi, Thanhpho, MaBuudien, QuocGia) VALUES (39, N'Nguyễn Hữu Ngọc Khánh', N'Nguyễn Hữu Ngọc Khánh', N'nwsh Cao Bằng', N'Cao Bằng', N'100', N'Việt Nam');
INSERT INTO Khachhang (KhachhangID, HoTen, TenLienLac, Diachi, Thanhpho, MaBuudien, QuocGia) VALUES (40, N'Bùi Nam Khánh', N'Bùi Nam Khánh', N'piii Lào Cai', N'Lào Cai', N'222', N'Đức');
INSERT INTO Khachhang (KhachhangID, HoTen, TenLienLac, Diachi, Thanhpho, MaBuudien, QuocGia) VALUES (41, N'Đinh Ngọc Khánh', N'Đinh Ngọc Khánh', N'cctzlelo Bình Dương', N'Bình Dương', N'999', N'Ý');
INSERT INTO Khachhang (KhachhangID, HoTen, TenLienLac, Diachi, Thanhpho, MaBuudien, QuocGia) VALUES (42, N'Hồ Nguyễn Minh Khuê', N'Hồ Nguyễn Minh Khuê', N'eca Hưng Yên', N'Hưng Yên', N'999', N'Anh');
INSERT INTO Khachhang (KhachhangID, HoTen, TenLienLac, Diachi, Thanhpho, MaBuudien, QuocGia) VALUES (43, N'Phạm Vũ Diệp Lam', N'Phạm Vũ Diệp Lam', N'qqebgrj Long An', N'Long An', N'222', N'Ý');
INSERT INTO Khachhang (KhachhangID, HoTen, TenLienLac, Diachi, Thanhpho, MaBuudien, QuocGia) VALUES (44, N'Đinh Hoàng Tùng Lâm', N'Đinh Hoàng Tùng Lâm', N'gjorbv Bình Phước', N'Bình Phước', N'100', N'Anh');
INSERT INTO Khachhang (KhachhangID, HoTen, TenLienLac, Diachi, Thanhpho, MaBuudien, QuocGia) VALUES (45, N'Lê Quang Long', N'Lê Quang Long', N'rpm Hậu Giang', N'Hậu Giang', N'777', N'Mỹ');
INSERT INTO Khachhang (KhachhangID, HoTen, TenLienLac, Diachi, Thanhpho, MaBuudien, QuocGia) VALUES (46, N'Phạm Thị Phương Mai', N'Phạm Thị Phương Mai', N'za Ninh Thuận', N'Ninh Thuận', N'888', N'Mỹ');
INSERT INTO Khachhang (KhachhangID, HoTen, TenLienLac, Diachi, Thanhpho, MaBuudien, QuocGia) VALUES (47, N'Lê Trần Tuấn Minh', N'Lê Trần Tuấn Minh', N'qnnefkav Hà Nam', N'Hà Nam', N'222', N'Anh');
INSERT INTO Khachhang (KhachhangID, HoTen, TenLienLac, Diachi, Thanhpho, MaBuudien, QuocGia) VALUES (48, N'Nguyễn Thị Bích Ngọc', N'Nguyễn Thị Bích Ngọc', N'gqc Bắc Giang', N'Bắc Giang', N'100', N'Việt Nam');
INSERT INTO Khachhang (KhachhangID, HoTen, TenLienLac, Diachi, Thanhpho, MaBuudien, QuocGia) VALUES (49, N'Lê Trung Nguyên', N'Lê Trung Nguyên', N'azfzd Hà Tĩnh', N'Hà Tĩnh', N'455', N'Việt Nam');
INSERT INTO Khachhang (KhachhangID, HoTen, TenLienLac, Diachi, Thanhpho, MaBuudien, QuocGia) VALUES (50, N'Lê Quỳnh Nhi', N'Lê Quỳnh Nhi', N'eqauglc Hải Dương', N'Hải Dương', N'666', N'Đức');
INSERT INTO Khachhang (KhachhangID, HoTen, TenLienLac, Diachi, Thanhpho, MaBuudien, QuocGia) VALUES (51, N'Nguyễn Tuyết Anh Nhi', N'Nguyễn Tuyết Anh Nhi', N'aep Thanh Hóa', N'Thanh Hóa', N'455', N'Anh');
INSERT INTO Khachhang (KhachhangID, HoTen, TenLienLac, Diachi, Thanhpho, MaBuudien, QuocGia) VALUES (52, N'Đinh Phú Sang', N'Đinh Phú Sang', N'lasrfx Bình Định', N'Bình Định', N'888', N'Mỹ');
INSERT INTO Khachhang (KhachhangID, HoTen, TenLienLac, Diachi, Thanhpho, MaBuudien, QuocGia) VALUES (53, N'Đào Duy Thái', N'Đào Duy Thái', N'rxbhgrh Bạc Liêu', N'Bạc Liêu', N'455', N'Anh');
INSERT INTO Khachhang (KhachhangID, HoTen, TenLienLac, Diachi, Thanhpho, MaBuudien, QuocGia) VALUES (54, N'Vũ Minh Thư', N'Vũ Minh Thư', N'kgy Hà Nam', N'Hà Nam', N'666', N'Việt Nam');
INSERT INTO Khachhang (KhachhangID, HoTen, TenLienLac, Diachi, Thanhpho, MaBuudien, QuocGia) VALUES (55, N'Nguyễn Mạnh Hùng', N'Nguyễn Mạnh Hùng', N'g Bình Phước', N'Bình Phước', N'888', N'Mỹ');
INSERT INTO Khachhang (KhachhangID, HoTen, TenLienLac, Diachi, Thanhpho, MaBuudien, QuocGia) VALUES (56, N'Phạm Thị Bích Ngọc', N'Phạm Thị Bích Ngọc', N'susjs Quảng Bình', N'Quảng Bình', N'100', N'Anh');
INSERT INTO Khachhang (KhachhangID, HoTen, TenLienLac, Diachi, Thanhpho, MaBuudien, QuocGia) VALUES (57, N'Nguyễn Thúy Hảo', N'Nguyễn Thúy Hảo', N'p Bắc Kạn', N'Bắc Kạn', N'222', N'Đức');
INSERT INTO Khachhang (KhachhangID, HoTen, TenLienLac, Diachi, Thanhpho, MaBuudien, QuocGia) VALUES (58, N'Trần Thị Hường', N'Trần Thị Hường', N'hyc Kiên Giang', N'Kiên Giang', N'300', N'Mỹ');
INSERT INTO Khachhang (KhachhangID, HoTen, TenLienLac, Diachi, Thanhpho, MaBuudien, QuocGia) VALUES (59, N'Phạm Thị Phượng', N'Phạm Thị Phượng', N'ruol Ninh Bình', N'Ninh Bình', N'777', N'Đức');
INSERT INTO Khachhang (KhachhangID, HoTen, TenLienLac, Diachi, Thanhpho, MaBuudien, QuocGia) VALUES (60, N'Nguyễn Thị Bích Thúy', N'Nguyễn Thị Bích Thúy', N'tcv Quảng Bình', N'Quảng Bình', N'500', N'Anh');
INSERT INTO Khachhang (KhachhangID, HoTen, TenLienLac, Diachi, Thanhpho, MaBuudien, QuocGia) VALUES (61, N'Vũ Thị Văn Thường', N'Vũ Thị Văn Thường', N'lwi Đắk Lắk', N'Đắk Lắk', N'500', N'Ý');
INSERT INTO Khachhang (KhachhangID, HoTen, TenLienLac, Diachi, Thanhpho, MaBuudien, QuocGia) VALUES (62, N'Đoàn Thị Thu Huyền', N'Đoàn Thị Thu Huyền', N'hqt Bắc Ninh', N'Bắc Ninh', N'666', N'Việt Nam');
INSERT INTO Khachhang (KhachhangID, HoTen, TenLienLac, Diachi, Thanhpho, MaBuudien, QuocGia) VALUES (63, N'Vũ Thị Kim Chung', N'Vũ Thị Kim Chung', N'qrydwfap Đồng Nai', N'Đồng Nai', N'222', N'Đức');
INSERT INTO Khachhang (KhachhangID, HoTen, TenLienLac, Diachi, Thanhpho, MaBuudien, QuocGia) VALUES (64, N'Nguyễn Thu Hương', N'Nguyễn Thu Hương', N'xw Bắc Ninh', N'Bắc Ninh', N'222', N'Ý');
INSERT INTO Khachhang (KhachhangID, HoTen, TenLienLac, Diachi, Thanhpho, MaBuudien, QuocGia) VALUES (65, N'Nguyễn Thị Hương', N'Nguyễn Thị Hương', N'ndwdbnus Phú Thọ', N'Phú Thọ', N'500', N'Ý');
INSERT INTO Khachhang (KhachhangID, HoTen, TenLienLac, Diachi, Thanhpho, MaBuudien, QuocGia) VALUES (66, N'Vũ Thị Hưng', N'Vũ Thị Hưng', N'rtwu Đồng Tháp', N'Đồng Tháp', N'222', N'Mỹ');
INSERT INTO Khachhang (KhachhangID, HoTen, TenLienLac, Diachi, Thanhpho, MaBuudien, QuocGia) VALUES (67, N'Nguyễn Thị Hường', N'Nguyễn Thị Hường', N'xa Phú Yên', N'Phú Yên', N'300', N'Mỹ');
INSERT INTO Khachhang (KhachhangID, HoTen, TenLienLac, Diachi, Thanhpho, MaBuudien, QuocGia) VALUES (68, N'Vũ Thị Phương Mai', N'Vũ Thị Phương Mai', N'erqcp Điện Biên', N'Điện Biên', N'100', N'Việt Nam');
INSERT INTO Khachhang (KhachhangID, HoTen, TenLienLac, Diachi, Thanhpho, MaBuudien, QuocGia) VALUES (69, N'Nguyễn Thị Thắm', N'Nguyễn Thị Thắm', N'qjutk Trà Vinh', N'Trà Vinh', N'888', N'Mỹ');
INSERT INTO Khachhang (KhachhangID, HoTen, TenLienLac, Diachi, Thanhpho, MaBuudien, QuocGia) VALUES (70, N'Đoàn Thị Hương', N'Đoàn Thị Hương', N'rq Bến Tre', N'Bến Tre', N'777', N'Đức');
INSERT INTO Khachhang (KhachhangID, HoTen, TenLienLac, Diachi, Thanhpho, MaBuudien, QuocGia) VALUES (71, N'Phạm Thu Hương', N'Phạm Thu Hương', N'nv Quảng Nam', N'Quảng Nam', N'100', N'Việt Nam');
INSERT INTO Khachhang (KhachhangID, HoTen, TenLienLac, Diachi, Thanhpho, MaBuudien, QuocGia) VALUES (72, N'Ngô Thị Minh Phương', N'Ngô Thị Minh Phương', N'qwzj Thái Bình', N'Thái Bình', N'222', N'Mỹ');
INSERT INTO Khachhang (KhachhangID, HoTen, TenLienLac, Diachi, Thanhpho, MaBuudien, QuocGia) VALUES (73, N'Nguyễn Thị Hằng Nga', N'Nguyễn Thị Hằng Nga', N'hgbkjrn Yên Bái', N'Yên Bái', N'200', N'Đức');
INSERT INTO Khachhang (KhachhangID, HoTen, TenLienLac, Diachi, Thanhpho, MaBuudien, QuocGia) VALUES (74, N'Nguyễn Diệu Hương', N'Nguyễn Diệu Hương', N'mamqnydv Đắk Nông', N'Đắk Nông', N'300', N'Mỹ');
INSERT INTO Khachhang (KhachhangID, HoTen, TenLienLac, Diachi, Thanhpho, MaBuudien, QuocGia) VALUES (75, N'Nguyễn Thu Hoài', N'Nguyễn Thu Hoài', N'opuza Bến Tre', N'Bến Tre', N'455', N'Anh');
INSERT INTO Khachhang (KhachhangID, HoTen, TenLienLac, Diachi, Thanhpho, MaBuudien, QuocGia) VALUES (76, N'Nguyễn Thị Lý', N'Nguyễn Thị Lý', N'jnu Vĩnh Phúc', N'Vĩnh Phúc', N'100', N'Việt Nam');
INSERT INTO Khachhang (KhachhangID, HoTen, TenLienLac, Diachi, Thanhpho, MaBuudien, QuocGia) VALUES (77, N'Hoàng Thị Hương', N'Hoàng Thị Hương', N'yzsq Kon Tum', N'Kon Tum', N'200', N'Mỹ');
INSERT INTO Khachhang (KhachhangID, HoTen, TenLienLac, Diachi, Thanhpho, MaBuudien, QuocGia) VALUES (78, N'Trần Thanh Diệp', N'Trần Thanh Diệp', N'l Kon Tum', N'Kon Tum', N'500', N'Ý');
INSERT INTO Khachhang (KhachhangID, HoTen, TenLienLac, Diachi, Thanhpho, MaBuudien, QuocGia) VALUES (79, N'Nguyễn Quỳnh Giang', N'Nguyễn Quỳnh Giang', N'npkxbcod Bình Định', N'Bình Định', N'666', N'Việt Nam');
INSERT INTO Khachhang (KhachhangID, HoTen, TenLienLac, Diachi, Thanhpho, MaBuudien, QuocGia) VALUES (80, N'Vũ Thị Thu Hương', N'Vũ Thị Thu Hương', N'r Đắk Nông', N'Đắk Nông', N'500', N'Anh');
INSERT INTO Khachhang (KhachhangID, HoTen, TenLienLac, Diachi, Thanhpho, MaBuudien, QuocGia) VALUES (81, N'Hoàng Thị Bích Ngọc', N'Hoàng Thị Bích Ngọc', N'a Lai Châu', N'Lai Châu', N'100', N'Ý');
INSERT INTO Khachhang (KhachhangID, HoTen, TenLienLac, Diachi, Thanhpho, MaBuudien, QuocGia) VALUES (82, N'Trần Thị Thanh Tâm', N'Trần Thị Thanh Tâm', N'xonov Hòa Bình', N'Hòa Bình', N'100', N'Anh');
INSERT INTO Khachhang (KhachhangID, HoTen, TenLienLac, Diachi, Thanhpho, MaBuudien, QuocGia) VALUES (83, N'Nguyễn Thị Phương', N'Nguyễn Thị Phương', N'zokhkh Tuyên Quang', N'Tuyên Quang', N'999', N'Ý');
INSERT INTO Khachhang (KhachhangID, HoTen, TenLienLac, Diachi, Thanhpho, MaBuudien, QuocGia) VALUES (84, N'Trần Diễm Thùy Dương', N'Trần Diễm Thùy Dương', N'xsyfrb Lai Châu', N'Lai Châu', N'500', N'Anh');
INSERT INTO Khachhang (KhachhangID, HoTen, TenLienLac, Diachi, Thanhpho, MaBuudien, QuocGia) VALUES (85, N'Phạm Thị Kim Phúc', N'Phạm Thị Kim Phúc', N'epwvs Phú Thọ', N'Phú Thọ', N'999', N'Ý');
INSERT INTO Khachhang (KhachhangID, HoTen, TenLienLac, Diachi, Thanhpho, MaBuudien, QuocGia) VALUES (86, N'Trần Thị Hảo', N'Trần Thị Hảo', N'ir Khánh Hòa', N'Khánh Hòa', N'200', N'Đức');
INSERT INTO Khachhang (KhachhangID, HoTen, TenLienLac, Diachi, Thanhpho, MaBuudien, QuocGia) VALUES (87, N'Bùi Thị Kim Oanh', N'Bùi Thị Kim Oanh', N'lghhp Lạng Sơn', N'Lạng Sơn', N'222', N'Việt Nam');
INSERT INTO Khachhang (KhachhangID, HoTen, TenLienLac, Diachi, Thanhpho, MaBuudien, QuocGia) VALUES (88, N'Phạm Ánh Tuyết', N'Phạm Ánh Tuyết', N'jz Lạng Sơn', N'Lạng Sơn', N'222', N'Đức');
INSERT INTO Khachhang (KhachhangID, HoTen, TenLienLac, Diachi, Thanhpho, MaBuudien, QuocGia) VALUES (89, N'Đặng Thùy Vân', N'Đặng Thùy Vân', N'isw Bắc Giang', N'Bắc Giang', N'222', N'Mỹ');
INSERT INTO Khachhang (KhachhangID, HoTen, TenLienLac, Diachi, Thanhpho, MaBuudien, QuocGia) VALUES (90, N'Nguyễn Bích Thủy', N'Nguyễn Bích Thủy', N'dtfbfx Điện Biên', N'Điện Biên', N'500', N'Ý');
INSERT INTO Khachhang (KhachhangID, HoTen, TenLienLac, Diachi, Thanhpho, MaBuudien, QuocGia) VALUES (91, N'Vũ Thế Hưng', N'Vũ Thế Hưng', N'gqflx Gia Lai', N'Gia Lai', N'222', N'Ý');
SET IDENTITY_INSERT Khachhang OFF

-- Table: Nhanvien
SET IDENTITY_INSERT Nhanvien On
INSERT INTO Nhanvien (NhanviennID, Ten, Ho, NgaySinh, Anh, Ghichu) VALUES (1, N'Bình', N'Trương Gia', N'1990-12-08', N'1.jpg', N'Ghi chú về nhân viên Bình: Nhiệt tình ...');
INSERT INTO Nhanvien (NhanviennID, Ten, Ho, NgaySinh, Anh, Ghichu) VALUES (2, N'Chi', N'Lương Vũ Diệp', N'1991-02-19', N'2.jpg', N'Ghi chú về nhân viên Chi ...');
INSERT INTO Nhanvien (NhanviennID, Ten, Ho, NgaySinh, Anh, Ghichu) VALUES (3, N'Đức', N'Vũ Minh', N'1992-08-30', N'3.jpg', N'Ghi chú về nhân viên Đức');
INSERT INTO Nhanvien (NhanviennID, Ten, Ho, NgaySinh, Anh, Ghichu) VALUES (4, N'Hiền', N'Lý Vi', N'1995-09-19', N'4.jpg', N'Ghi chú về nhân viên Hiền');
INSERT INTO Nhanvien (NhanviennID, Ten, Ho, NgaySinh, Anh, Ghichu) VALUES (5, N'Huyền', N'Mai Khánh', N'1995-03-04', N'5.jpg', N'Ghi chú về nhân viên Huyền');
INSERT INTO Nhanvien (NhanviennID, Ten, Ho, NgaySinh, Anh, Ghichu) VALUES (6, N'Minh', N'Lương Bình', N'1993-07-02', N'6.jpg', N'Ghi chú về nhân viên Minh');
INSERT INTO Nhanvien (NhanviennID, Ten, Ho, NgaySinh, Anh, Ghichu) VALUES (7, N'Ninh', N'Nguyễn Quang', N'1990-05-29', N'7.jpg', N'Ghi chú về nhân viên Ninh');
INSERT INTO Nhanvien (NhanviennID, Ten, Ho, NgaySinh, Anh, Ghichu) VALUES (8, N'Như', N'Đỗ Tâm', N'1998-01-09', N'8.jpg', N'Ghi chú về nhân viên Như');
INSERT INTO Nhanvien (NhanviennID, Ten, Ho, NgaySinh, Anh, Ghichu) VALUES (9, N'Tùng', N'Nguyễn Mạnh', N'1999-07-02', N'9.jpg', N'Ghi chú về nhân viên Tùng');
INSERT INTO Nhanvien (NhanviennID, Ten, Ho, NgaySinh, Anh, Ghichu) VALUES (10, N'Anh', N'Lương Phương', N'1998-09-19', N'10.jpg', N'Ghi chú về nhân viên Anh');
SET IDENTITY_INSERT Nhanvien OFF



-- Table: Sanpham
SET IDENTITY_INSERT Sanpham On
INSERT INTO Sanpham (SanphamID, TenSanpham, CungcapID, DanhmucID, Donvi, Gia) VALUES (1, N'Bia 333', 1, 1, N'thùng', 300000);
INSERT INTO Sanpham (SanphamID, TenSanpham, CungcapID, DanhmucID, Donvi, Gia) VALUES (2, N'Nước ngọt Coca cola', 1, 1, N'thùng', 200000);
INSERT INTO Sanpham (SanphamID, TenSanpham, CungcapID, DanhmucID, Donvi, Gia) VALUES (3, N'Tương Ớt Chin-Su (250g)', 1, 2, N'chai', 12000);
INSERT INTO Sanpham (SanphamID, TenSanpham, CungcapID, DanhmucID, Donvi, Gia) VALUES (4, N'Dầu Đậu Nành Simply', 2, 2, N'chai', 247000);
INSERT INTO Sanpham (SanphamID, TenSanpham, CungcapID, DanhmucID, Donvi, Gia) VALUES (5, N'Bột cần tây sấy lạnh', 2, 2, N'túi', 145000);
INSERT INTO Sanpham (SanphamID, TenSanpham, CungcapID, DanhmucID, Donvi, Gia) VALUES (6, N'Giấm táo hữu cơ Organic Bragg', 3, 2, N'túi', 136000);
INSERT INTO Sanpham (SanphamID, TenSanpham, CungcapID, DanhmucID, Donvi, Gia) VALUES (7, N'Mít sấy thăng hoa', 3, 7, N'túi', 30000);
INSERT INTO Sanpham (SanphamID, TenSanpham, CungcapID, DanhmucID, Donvi, Gia) VALUES (8, N'Tương ớt Thái Long Hảo Hạng 250gr', 3, 2, N'chai', 25000);
INSERT INTO Sanpham (SanphamID, TenSanpham, CungcapID, DanhmucID, Donvi, Gia) VALUES (9, N'Xúc Xích Dinh Dưỡng Thịt Heo Ponnie', 4, 6, N'túi', 16000);
INSERT INTO Sanpham (SanphamID, TenSanpham, CungcapID, DanhmucID, Donvi, Gia) VALUES (10, N'Tôm thịt đông lạnh size 31/40 Đôi Đũa Vàng gói 450g', 4, 8, N'túi', 150000);
INSERT INTO Sanpham (SanphamID, TenSanpham, CungcapID, DanhmucID, Donvi, Gia) VALUES (11, N'Combo 3 hộp phô mai Con Bò Cười', 5, 4, N'hộp', 109000);
INSERT INTO Sanpham (SanphamID, TenSanpham, CungcapID, DanhmucID, Donvi, Gia) VALUES (12, N'Thùng 24 Hộp Sữa Đậu Đen', 5, 4, N'thùng', 300000);
INSERT INTO Sanpham (SanphamID, TenSanpham, CungcapID, DanhmucID, Donvi, Gia) VALUES (13, N'Cá viên đông lạnh Home Food gói 500g', 6, 8, N'túi', 60000);
INSERT INTO Sanpham (SanphamID, TenSanpham, CungcapID, DanhmucID, Donvi, Gia) VALUES (14, N'Mít sấy dẻo Nông Lâm Food', 6, 7, N'túi', 69000);
INSERT INTO Sanpham (SanphamID, TenSanpham, CungcapID, DanhmucID, Donvi, Gia) VALUES (15, N'Dầu Ôliu Nguyên Chất Olivoilà', 6, 2, N'chai', 86000);
INSERT INTO Sanpham (SanphamID, TenSanpham, CungcapID, DanhmucID, Donvi, Gia) VALUES (16, N'Hộp bánh Cookies Đại Phát (240g)', 7, 3, N'hộp', 280000);
INSERT INTO Sanpham (SanphamID, TenSanpham, CungcapID, DanhmucID, Donvi, Gia) VALUES (17, N'Combo 5 hộp pate thịt gà và que cua', 7, 6, N'hộp', 175000);
INSERT INTO Sanpham (SanphamID, TenSanpham, CungcapID, DanhmucID, Donvi, Gia) VALUES (18, N'Bào Ngư Hàn Quốc (Sống)', 7, 8, N'con', 68000);
INSERT INTO Sanpham (SanphamID, TenSanpham, CungcapID, DanhmucID, Donvi, Gia) VALUES (19, N'Bánh Trứng tươi - Chà Bông KARO Richy', 8, 3, N'túi', 33000);
INSERT INTO Sanpham (SanphamID, TenSanpham, CungcapID, DanhmucID, Donvi, Gia) VALUES (20, N'Bánh Gạo Hàn Quốc Nhỏ Richy', 8, 3, N'túi', 13000);
INSERT INTO Sanpham (SanphamID, TenSanpham, CungcapID, DanhmucID, Donvi, Gia) VALUES (21, N'Bánh dừa nướng Bảo Linh', 8, 3, N'hộp', 20000);
INSERT INTO Sanpham (SanphamID, TenSanpham, CungcapID, DanhmucID, Donvi, Gia) VALUES (22, N'Ngũ Cốc Sấy Khô Calbee', 9, 5, N'túi', 189000);
INSERT INTO Sanpham (SanphamID, TenSanpham, CungcapID, DanhmucID, Donvi, Gia) VALUES (23, N'Bột ngũ cốc Damtuh Hàn Quốc', 9, 5, N'túi', 265000);
INSERT INTO Sanpham (SanphamID, TenSanpham, CungcapID, DanhmucID, Donvi, Gia) VALUES (24, N'Lốc 6 Chai Olong Không Đường Tea+', 10, 1, N'lốc', 50000);
INSERT INTO Sanpham (SanphamID, TenSanpham, CungcapID, DanhmucID, Donvi, Gia) VALUES (25, N'Bánh Bơ Trứng Richy', 11, 3, N'túi', 19000);
INSERT INTO Sanpham (SanphamID, TenSanpham, CungcapID, DanhmucID, Donvi, Gia) VALUES (26, N'Bánh gạo chùm ngây vị sầu riêng Morice', 11, 3, N'túi', 17000);
INSERT INTO Sanpham (SanphamID, TenSanpham, CungcapID, DanhmucID, Donvi, Gia) VALUES (27, N'Kẹo sâm Hamer Nhập khẩu Mỹ', 11, 3, N'hộp', 300000);
INSERT INTO Sanpham (SanphamID, TenSanpham, CungcapID, DanhmucID, Donvi, Gia) VALUES (28, N'MÍT SẤY GIÒN 120g', 12, 7, N'túi', 37000);
INSERT INTO Sanpham (SanphamID, TenSanpham, CungcapID, DanhmucID, Donvi, Gia) VALUES (29, N'Thịt hộp Heo 2 lát Master', 12, 6, N'hộp', 18000);
INSERT INTO Sanpham (SanphamID, TenSanpham, CungcapID, DanhmucID, Donvi, Gia) VALUES (30, N'Tu Hài (Sống)', 13, 8, N'kg', 320000);
INSERT INTO Sanpham (SanphamID, TenSanpham, CungcapID, DanhmucID, Donvi, Gia) VALUES (31, N'Thùng 12 Hộp Sữa Uống Tiệt Trùng', 14, 4, N'hộp', 350000);
INSERT INTO Sanpham (SanphamID, TenSanpham, CungcapID, DanhmucID, Donvi, Gia) VALUES (32, N'Sữa bột tách kem A2 Úc', 14, 4, N'túi', 279000);
INSERT INTO Sanpham (SanphamID, TenSanpham, CungcapID, DanhmucID, Donvi, Gia) VALUES (33, N'Sữa bột Goldcare Gain', 15, 4, N'chai', 234000);
INSERT INTO Sanpham (SanphamID, TenSanpham, CungcapID, DanhmucID, Donvi, Gia) VALUES (34, N'Thùng Bia Heineken 24 Lon Thường', 16, 1, N'thùng', 395000);
INSERT INTO Sanpham (SanphamID, TenSanpham, CungcapID, DanhmucID, Donvi, Gia) VALUES (35, N'Trà Hoa Cúc Hùng Phát hộp 25 gói x 2 g', 16, 1, N'hộp', 36000);
INSERT INTO Sanpham (SanphamID, TenSanpham, CungcapID, DanhmucID, Donvi, Gia) VALUES (36, N'Ngao Hai Cồi (Sống)', 17, 8, N'kg', 280000);
INSERT INTO Sanpham (SanphamID, TenSanpham, CungcapID, DanhmucID, Donvi, Gia) VALUES (37, N'Hàu Nhật Nguyên Con', 17, 8, N'kg', 250000);
INSERT INTO Sanpham (SanphamID, TenSanpham, CungcapID, DanhmucID, Donvi, Gia) VALUES (38, N'Trà Hoa Cúc Hùng Phát hộp 25 gói x 2 g', 18, 1, N'gói', 32000);
INSERT INTO Sanpham (SanphamID, TenSanpham, CungcapID, DanhmucID, Donvi, Gia) VALUES (39, N'NƯỚC TÁO ÉP NGUYÊN CHẤT REAL JUICE 2 LÍT', 18, 1, N'chai', 75000);
INSERT INTO Sanpham (SanphamID, TenSanpham, CungcapID, DanhmucID, Donvi, Gia) VALUES (40, N'Cua Thịt Cà Mau (Kg)', 19, 8, N'kg', 500000);
INSERT INTO Sanpham (SanphamID, TenSanpham, CungcapID, DanhmucID, Donvi, Gia) VALUES (41, N'Cá Saba Phile Tươi (Kg)', 19, 8, N'kg', 220000);
INSERT INTO Sanpham (SanphamID, TenSanpham, CungcapID, DanhmucID, Donvi, Gia) VALUES (42, N'Ngũ cốc siêu dinh dưỡng', 20, 5, N'túi', 385000);
INSERT INTO Sanpham (SanphamID, TenSanpham, CungcapID, DanhmucID, Donvi, Gia) VALUES (43, N'Trà Đào Sả Cozy - Lốc 4 hộp', 20, 1, N'lốc', 28000);
INSERT INTO Sanpham (SanphamID, TenSanpham, CungcapID, DanhmucID, Donvi, Gia) VALUES (44, N'Dầu hạt cải nguyên chất nội địa Nhật Bản', 20, 2, N'chai', 134000);
INSERT INTO Sanpham (SanphamID, TenSanpham, CungcapID, DanhmucID, Donvi, Gia) VALUES (45, N'Đầu Cá Hồi Tươi', 21, 8, N'kg', 220000);
INSERT INTO Sanpham (SanphamID, TenSanpham, CungcapID, DanhmucID, Donvi, Gia) VALUES (46, N'Cá Cờ Kiếm Sushi', 21, 8, N'kg', 250000);
INSERT INTO Sanpham (SanphamID, TenSanpham, CungcapID, DanhmucID, Donvi, Gia) VALUES (47, N'Bánh quy trứng muối Đài Loan', 22, 3, N'túi', 95000);
INSERT INTO Sanpham (SanphamID, TenSanpham, CungcapID, DanhmucID, Donvi, Gia) VALUES (48, N'Kẹo Alpenliebe Hương Dâu Kem', 22, 3, N'túi', 12000);
INSERT INTO Sanpham (SanphamID, TenSanpham, CungcapID, DanhmucID, Donvi, Gia) VALUES (49, N'Bánh Quy Bơ Danisa', 23, 3, N'hộp', 300000);
INSERT INTO Sanpham (SanphamID, TenSanpham, CungcapID, DanhmucID, Donvi, Gia) VALUES (50, N'Bánh Quy Bơ Thập Cẩm Lu', 23, 3, N'túi', 140000);
INSERT INTO Sanpham (SanphamID, TenSanpham, CungcapID, DanhmucID, Donvi, Gia) VALUES (51, N'Đồ ăn vặt Mít sấy', 24, 7, N'cân', 31000);
INSERT INTO Sanpham (SanphamID, TenSanpham, CungcapID, DanhmucID, Donvi, Gia) VALUES (52, N'Túi 16 Gói Bột Ngũ Cốc Nestle', 24, 5, N'túi', 64000);
INSERT INTO Sanpham (SanphamID, TenSanpham, CungcapID, DanhmucID, Donvi, Gia) VALUES (53, N'Thịt Hộp Tulip Pork Luncheon', 24, 6, N'hộp', 87000);
INSERT INTO Sanpham (SanphamID, TenSanpham, CungcapID, DanhmucID, Donvi, Gia) VALUES (54, N'Khô Gà Lá Chanh Thượng Hạng', 25, 6, N'hộp', 68000);
INSERT INTO Sanpham (SanphamID, TenSanpham, CungcapID, DanhmucID, Donvi, Gia) VALUES (55, N'Thịt heo bằm cay Weichuan', 25, 6, N'hộp', 45000);
INSERT INTO Sanpham (SanphamID, TenSanpham, CungcapID, DanhmucID, Donvi, Gia) VALUES (56, N'Ngũ cốc siêu lợi sữa An Việt', 26, 5, N'hộp', 120000);
INSERT INTO Sanpham (SanphamID, TenSanpham, CungcapID, DanhmucID, Donvi, Gia) VALUES (57, N'Bột ngũ cốc Calsome hương Vani', 26, 5, N'túi', 51000);
INSERT INTO Sanpham (SanphamID, TenSanpham, CungcapID, DanhmucID, Donvi, Gia) VALUES (58, N'Cá Thu 1 nắng (Kg)', 27, 8, N'kg', 300000);
INSERT INTO Sanpham (SanphamID, TenSanpham, CungcapID, DanhmucID, Donvi, Gia) VALUES (59, N'Sữa Bột Nguyên Kem Dutch Lady', 28, 4, N'hộp', 180000);
INSERT INTO Sanpham (SanphamID, TenSanpham, CungcapID, DanhmucID, Donvi, Gia) VALUES (60, N'Sữa Bột Full Cream Devondale', 28, 4, N'túi', 269000);
INSERT INTO Sanpham (SanphamID, TenSanpham, CungcapID, DanhmucID, Donvi, Gia) VALUES (61, N'Nước mắm truyền thống Lê Gia', 29, 2, N'chai', 89000);
INSERT INTO Sanpham (SanphamID, TenSanpham, CungcapID, DanhmucID, Donvi, Gia) VALUES (62, N'Bánh Goute Hộp 8 Cái', 29, 3, N'hộp', 50000);
INSERT INTO Sanpham (SanphamID, TenSanpham, CungcapID, DanhmucID, Donvi, Gia) VALUES (63, N'Nước Chấm Ông Tây Chai', 7, 2, N'chai', 15000);
INSERT INTO Sanpham (SanphamID, TenSanpham, CungcapID, DanhmucID, Donvi, Gia) VALUES (64, N'Ngũ Cốc Dinh Dưỡng BEONE', 12, 5, N'hộp', 319000);
INSERT INTO Sanpham (SanphamID, TenSanpham, CungcapID, DanhmucID, Donvi, Gia) VALUES (65, N'Dầu Ăn Tường An (5L)', 2, 2, N'chai', 180000);
INSERT INTO Sanpham (SanphamID, TenSanpham, CungcapID, DanhmucID, Donvi, Gia) VALUES (66, N'Bột Ngọt Vedan 400g', 2, 2, N'túi', 30000);
INSERT INTO Sanpham (SanphamID, TenSanpham, CungcapID, DanhmucID, Donvi, Gia) VALUES (67, N'Nước Gạo Hàn Quốc Sun-Hee chai 1,5L', 16, 1, N'chai', 49000);
INSERT INTO Sanpham (SanphamID, TenSanpham, CungcapID, DanhmucID, Donvi, Gia) VALUES (68, N'Bánh Yến Mạch + mè đen Fine', 8, 3, N'hộp', 50000);
INSERT INTO Sanpham (SanphamID, TenSanpham, CungcapID, DanhmucID, Donvi, Gia) VALUES (69, N'Sữa bột Suremilk Canxi', 15, 4, N'hộp', 270000);
INSERT INTO Sanpham (SanphamID, TenSanpham, CungcapID, DanhmucID, Donvi, Gia) VALUES (70, N'Trà Lipton Nhãn Vàng 25 Túi/ Hộp', 7, 1, N'hộp', 33000);
INSERT INTO Sanpham (SanphamID, TenSanpham, CungcapID, DanhmucID, Donvi, Gia) VALUES (71, N'Thùng 24 Hộp Sữa Tươi', 15, 4, N'thùng', 240000);
INSERT INTO Sanpham (SanphamID, TenSanpham, CungcapID, DanhmucID, Donvi, Gia) VALUES (72, N'Sữa Hạt Hạnh Nhân Nguyên Chất', 14, 4, N'thùng', 105000);
INSERT INTO Sanpham (SanphamID, TenSanpham, CungcapID, DanhmucID, Donvi, Gia) VALUES (73, N'Cá Hồi Phi Lê Tươi Nguyên Miếng', 17, 8, N'kg', 300000);
INSERT INTO Sanpham (SanphamID, TenSanpham, CungcapID, DanhmucID, Donvi, Gia) VALUES (74, N'ĐẬU PHỘNG SẤY TỎI ỚT HIỆU TÂN LỘC', 4, 7, N'kg', 82000);
INSERT INTO Sanpham (SanphamID, TenSanpham, CungcapID, DanhmucID, Donvi, Gia) VALUES (75, N'Thùng Sữa đậu nành Fami', 12, 1, N'thùng', 145000);
INSERT INTO Sanpham (SanphamID, TenSanpham, CungcapID, DanhmucID, Donvi, Gia) VALUES (76, N'Trà Xanh Bao Thiếc Cầu Đất Farm', 23, 1, N'hộp', 42000);
INSERT INTO Sanpham (SanphamID, TenSanpham, CungcapID, DanhmucID, Donvi, Gia) VALUES (77, N'Hạt Nêm Knorr Từ Thịt Thăn', 12, 2, N'túi', 17000);
SET IDENTITY_INSERT Sanpham Off


-- Table: Shippers
SET IDENTITY_INSERT Shippers On
INSERT INTO Shippers (ShipperID, Hoten, Sodienthoai) VALUES (1, N'Grab', N'984590840');
INSERT INTO Shippers (ShipperID, Hoten, Sodienthoai) VALUES (2, N'Bee', N'348905444');
INSERT INTO Shippers (ShipperID, Hoten, Sodienthoai) VALUES (3, N'GoViet', N'834905845');
SET IDENTITY_INSERT Shippers Off
